table,column,type,rows,nulls,completeness
dim_cnes,id_unidade_cnes,large_string,631973,0.0,1.0
dim_cnes,id_cnes,large_string,631973,0.0,1.0
dim_cnes,nu_cnpj_mantenedora,double,631973,509723.0,0.19344180843168934
dim_cnes,id_pfpj,large_string,631973,0.0,1.0
dim_cnes,nivel_dep,int64,631973,0.0,1.0
dim_cnes,no_razao_social,large_string,631973,1.0,0.9999984176539187
dim_cnes,no_fantasia,large_string,631973,44.0,0.9999303767724254
dim_cnes,no_logradouro,large_string,631973,0.0,1.0
dim_cnes,nu_endereco,large_string,631973,314.0,0.9995031433304904
dim_cnes,no_complemento,large_string,631973,321071.0,0.4919545613499311
dim_cnes,no_bairro,large_string,631973,1.0,0.9999984176539187
dim_cnes,id_cep,int64,631973,0.0,1.0
dim_cnes,id_regiao_saude,large_string,631973,380850.0,0.39736349495943657
dim_cnes,id_micro_regiao,double,631973,631973.0,0.0
dim_cnes,id_distrito_sanitario,large_string,631973,587130.0,0.07095714532108177
dim_cnes,id_distrito_administrativo,large_string,631973,630930.0,0.0016503869627341183
dim_cnes,nu_telefone,large_string,631973,141607.0,0.7759287184737322
dim_cnes,nu_fax,double,631973,631973.0,0.0
dim_cnes,no_email,large_string,631973,270492.0,0.5719880437930102
dim_cnes,nu_cpf,double,631973,461774.0,0.26931372068110504
dim_cnes,nu_cnpj,double,631973,289620.0,0.5417209279510359
dim_cnes,id_atividade,int64,631973,0.0,1.0
dim_cnes,id_clientela,double,631973,9044.0,0.9856892620412581
dim_cnes,nu_alvara,large_string,631973,210336.0,0.6671756546561325
dim_cnes,data_expedicao,large_string,631973,210777.0,0.6664778400343052
dim_cnes,id_orgao_expedidor,double,631973,205644.0,0.6746000224693143
dim_cnes,data_val_lic_sani,large_string,631973,361653.0,0.4277397926810165
dim_cnes,id_lic_sani,double,631973,361224.0,0.4284186191498688
dim_cnes,id_unidade,int64,631973,0.0,1.0
dim_cnes,id_turno_atendimento,double,631973,2004.0,0.9968289784531934
dim_cnes,id_estado_gestor,int64,631973,0.0,1.0
dim_cnes,id_municipio_gestor,int64,631973,0.0,1.0
dim_cnes,data_atualizacao,large_string,631973,0.0,1.0
dim_cnes,id_usuario,large_string,631973,0.0,1.0
dim_cnes,id_cpfdiretorcln,double,631973,42931.0,0.9320683003862507
dim_cnes,reg_diretorcln,large_string,631973,253613.0,0.5986964632982739
dim_cnes,st_adesao_filantrop,large_string,631973,629322.0,0.0041947994613693584
dim_cnes,id_motivo_desab,double,631973,494228.0,0.21796026096051568
dim_cnes,no_url,large_string,631973,619139.0,0.020307829606644567
dim_cnes,nu_latitude,large_string,631973,58641.0,0.9072096434499575
dim_cnes,nu_longitude,large_string,631973,58593.0,0.9072855960618571
dim_cnes,data_atualizacao_geolocalizacao,large_string,631973,140307.0,0.7779857683793453
dim_cnes,no_usuario_geo,large_string,631973,140971.0,0.7769350905814014
dim_cnes,id_natureza_jur,double,631973,4.0,0.999993670615675
dim_cnes,id_estab_sempre_aberto,large_string,631973,47161.0,0.925374976462602
dim_cnes,st_geracredito_gerente_sgif,large_string,631973,631872.0,0.00015981695420530517
dim_cnes,st_conexao_internet,large_string,631973,36489.0,0.942261773841604
dim_cnes,id_tipo_unidade,double,631973,631973.0,0.0
dim_cnes,no_fantasia_abrev,double,631973,631973.0,0.0
dim_cnes,id_gestao,large_string,631973,0.0,1.0
dim_cnes,data_atualizacao_origem,large_string,631973,0.0,1.0
dim_cnes,id_tipo_estabelecimento,double,631973,42678.0,0.9324686339448046
dim_cnes,id_atividade_principal,double,631973,42678.0,0.9324686339448046
dim_cnes,st_contrato_formalizado,large_string,631973,342051.0,0.45875694056549887
dim_cnes,id_tipo_abrangencia,double,631973,525587.0,0.16833947019888507
dim_cnes,st_coworking,large_string,631973,261975.0,0.5854648853669382
dim_cnes,hash,large_string,631973,0.0,1.0
dim_cnes,data_inicio_vigencia_silver,timestamp[us],631973,0.0,1.0
dim_cnes,data_fim_vigencia_silver,timestamp[us],631973,0.0,1.0
dim_cnes,data_atualizacao_silver,timestamp[us],631973,0.0,1.0
dim_cnes,vigencia_silver,int64,631973,0.0,1.0
dim_cnes_udh,id_unidade_cnes,large_string,39980,0.0,1.0
dim_cnes_udh,id_cnes,large_string,39980,0.0,1.0
dim_cnes_udh,nu_cnpj_mantenedora,double,39980,37840.0,0.05352676338169082
dim_cnes_udh,id_pfpj,large_string,39980,0.0,1.0
dim_cnes_udh,nivel_dep,int64,39980,0.0,1.0
dim_cnes_udh,no_razao_social,large_string,39980,0.0,1.0
dim_cnes_udh,no_fantasia,large_string,39980,1.0,0.9999749874937469
dim_cnes_udh,no_logradouro,large_string,39980,0.0,1.0
dim_cnes_udh,nu_endereco,large_string,39980,1.0,0.9999749874937469
dim_cnes_udh,no_complemento,large_string,39980,8114.0,0.797048524262131
dim_cnes_udh,no_bairro,large_string,39980,0.0,1.0
dim_cnes_udh,id_cep,int64,39980,0.0,1.0
dim_cnes_udh,id_regiao_saude,large_string,39980,34224.0,0.14397198599299654
dim_cnes_udh,id_micro_regiao,double,39980,39980.0,0.0
dim_cnes_udh,id_distrito_sanitario,large_string,39980,30090.0,0.24737368684342176
dim_cnes_udh,id_distrito_administrativo,large_string,39980,39919.0,0.0015257628814406843
dim_cnes_udh,nu_telefone,large_string,39980,10752.0,0.7310655327663832
dim_cnes_udh,nu_fax,double,39980,39980.0,0.0
dim_cnes_udh,no_email,large_string,39980,11954.0,0.7010005002501251
dim_cnes_udh,nu_cpf,double,39980,26141.0,0.3461480740370185
dim_cnes_udh,nu_cnpj,double,39980,15746.0,0.6061530765382691
dim_cnes_udh,id_atividade,int64,39980,0.0,1.0
dim_cnes_udh,id_clientela,double,39980,589.0,0.9852676338169084
dim_cnes_udh,nu_alvara,large_string,39980,9983.0,0.7503001500750375
dim_cnes_udh,data_expedicao,large_string,39980,9731.0,0.7566033016508253
dim_cnes_udh,id_orgao_expedidor,double,39980,9799.0,0.7549024512256128
dim_cnes_udh,data_val_lic_sani,large_string,39980,13067.0,0.6731615807903952
dim_cnes_udh,id_lic_sani,double,39980,12977.0,0.6754127063531765
dim_cnes_udh,id_unidade,int64,39980,0.0,1.0
dim_cnes_udh,id_turno_atendimento,double,39980,116.0,0.9970985492746374
dim_cnes_udh,id_estado_gestor,int64,39980,0.0,1.0
dim_cnes_udh,id_municipio,large_string,39980,0.0,1.0
dim_cnes_udh,data_atualizacao,large_string,39980,0.0,1.0
dim_cnes_udh,id_usuario,large_string,39980,0.0,1.0
dim_cnes_udh,id_cpfdiretorcln,double,39980,74.0,0.9981490745372686
dim_cnes_udh,reg_diretorcln,large_string,39980,14488.0,0.6376188094047024
dim_cnes_udh,st_adesao_filantrop,large_string,39980,39923.0,0.0014257128564282295
dim_cnes_udh,id_motivo_desab,double,39980,31614.0,0.20925462731365685
dim_cnes_udh,no_url,large_string,39980,39191.0,0.019734867433716885
dim_cnes_udh,lat,double,39980,0.0,1.0
dim_cnes_udh,long,double,39980,0.0,1.0
dim_cnes_udh,data_atualizacao_geolocalizacao,large_string,39980,12981.0,0.6753126563281641
dim_cnes_udh,no_usuario_geo,large_string,39980,12986.0,0.6751875937968985
dim_cnes_udh,id_natureza_jur,double,39980,0.0,1.0
dim_cnes_udh,id_estab_sempre_aberto,large_string,39980,46.0,0.9988494247123562
dim_cnes_udh,st_geracredito_gerente_sgif,large_string,39980,39972.0,0.00020010005002502051
dim_cnes_udh,st_conexao_internet,large_string,39980,5.0,0.9998749374687343
dim_cnes_udh,id_tipo_unidade,double,39980,39980.0,0.0
dim_cnes_udh,no_fantasia_abrev,double,39980,39980.0,0.0
dim_cnes_udh,id_gestao,large_string,39980,0.0,1.0
dim_cnes_udh,data_atualizacao_origem,large_string,39980,0.0,1.0
dim_cnes_udh,id_tipo_estabelecimento,double,39980,82.0,0.9979489744872436
dim_cnes_udh,id_atividade_principal,double,39980,82.0,0.9979489744872436
dim_cnes_udh,st_contrato_formalizado,large_string,39980,15447.0,0.6136318159079539
dim_cnes_udh,id_tipo_abrangencia,double,39980,32361.0,0.19057028514257124
dim_cnes_udh,st_coworking,large_string,39980,15827.0,0.6041270635317659
dim_cnes_udh,hash,large_string,39980,0.0,1.0
dim_cnes_udh,data_inicio_vigencia_silver,timestamp[us],39980,0.0,1.0
dim_cnes_udh,data_fim_vigencia_silver,timestamp[us],39980,0.0,1.0
dim_cnes_udh,data_atualizacao_silver,timestamp[us],39980,0.0,1.0
dim_cnes_udh,vigencia_silver,int64,39980,0.0,1.0
dim_cnes_udh,geometry,binary,39980,0.0,1.0
dim_cnes_udh,index_right,double,39980,0.0,1.0
dim_cnes_udh,udh,large_string,39980,0.0,1.0
dim_calendario,data,date32[day],2191,0.0,1.0
dim_calendario,dia,int32,2191,0.0,1.0
dim_calendario,semana_epidemiologica,int64,2191,0.0,1.0
dim_calendario,feriado_nome,large_string,2191,2116.0,0.03423094477407573
dim_calendario,feriado,int64,2191,0.0,1.0
dim_calendario,dia_util_proximo,date32[day],2191,0.0,1.0
dim_calendario,dia_util_ultimo,date32[day],2191,3.0,0.998630762209037
dim_calendario,semana,large_string,2191,0.0,1.0
dim_calendario,semana_numero,int32,2191,0.0,1.0
dim_calendario,mes,large_string,2191,0.0,1.0
dim_calendario,mes_numero,int32,2191,0.0,1.0
dim_calendario,trimestre,int32,2191,0.0,1.0
dim_calendario,semestre,int32,2191,0.0,1.0
dim_calendario,ano,int32,2191,0.0,1.0
dim_municipios,ano,int64,27748,0.0,1.0
dim_municipios,sigla_uf,large_string,27748,0.0,1.0
dim_municipios,id_municipio,large_string,27748,0.0,1.0
dim_municipios,raca_cor,large_string,27748,0.0,1.0
dim_municipios,sexo,large_string,27748,0.0,1.0
dim_municipios,localizacao,large_string,27748,0.0,1.0
dim_municipios,ivs,double,27748,5701.0,0.7945437509009659
dim_municipios,ivs_infraestrutura_urbana,double,27748,5701.0,0.7945437509009659
dim_municipios,ivs_capital_humano,double,27748,1460.0,0.9473835952140695
dim_municipios,ivs_renda_trabalho,double,27748,1454.0,0.9475998270145596
dim_municipios,udh,large_string,27748,0.0,1.0
dim_municipios,nome_udh,large_string,27748,16626.0,0.4008216808418624
dim_municipios,idhm,double,27748,1460.0,0.9473835952140695
dim_municipios,idhm_l,double,27748,1460.0,0.9473835952140695
dim_municipios,idhm_e,double,27748,1460.0,0.9473835952140695
dim_municipios,idhm_r,double,27748,1447.0,0.9478520974484648
dim_municipios,idhm_subescolaridade,double,27748,1447.0,0.9478520974484648
dim_municipios,idhm_subfrequencia,double,27748,1460.0,0.9473835952140695
dim_municipios,prosperidade_social,large_string,27748,5561.0,0.7995891595790687
dim_municipios,proporcao_vulnerabilidade_socioeconomica,double,27748,1462.0,0.9473115179472394
dim_municipios,propocao_energia_eletrica,double,27748,1447.0,0.9478520974484648
dim_municipios,proporcao_domicilio_densidade,double,27748,1447.0,0.9478520974484648
dim_municipios,proporcao_sem_agua_esgoto,double,27748,1447.0,0.9478520974484648
dim_municipios,proporcao_sem_coleta,double,27748,5699.0,0.7946158281677959
dim_municipios,renda_per_capita,double,27748,1447.0,0.9478520974484648
dim_municipios,renda_media_18_mais,double,27748,1447.0,0.9478520974484648
dim_municipios,proporcao_sem_renda_18_mais,double,27748,1447.0,0.9478520974484648
dim_municipios,renda_trabalho,double,27748,1447.0,0.9478520974484648
dim_municipios,renda_per_capita_vulneravel,double,27748,1450.0,0.9477439815482197
dim_municipios,proporcao_vulneravel,double,27748,1447.0,0.9478520974484648
dim_municipios,populacao_vulneravel_15_24,double,27748,12567.0,0.5471024938734323
dim_municipios,proporcao_vulneravel_dependente_idoso,double,27748,1447.0,0.9478520974484648
dim_municipios,populacao_vulneravel_e_idoso,double,27748,12567.0,0.5471024938734323
dim_municipios,razao_dependencia,double,27748,1447.0,0.9478520974484648
dim_municipios,fecundidade_total,double,27748,1447.0,0.9478520974484648
dim_municipios,taxa_envelhecimento,double,27748,1447.0,0.9478520974484648
dim_municipios,mortalidade_1_menos,double,27748,1460.0,0.9473835952140695
dim_municipios,proporcao_mortalidade_5_menos,double,27748,1460.0,0.9473835952140695
dim_municipios,proporcao_crianca_fora_escola_0_5,double,27748,1449.0,0.9477800201816348
dim_municipios,proporcao_escola_5_6,double,27748,1456.0,0.9475277497477296
dim_municipios,proporcao_crianca_fora_escola_6_14,double,27748,1450.0,0.9477439815482197
dim_municipios,proporcao_maternidade_10_17,double,27748,1459.0,0.9474196338474845
dim_municipios,maternidade_crianca_15_menos,double,27748,12567.0,0.5471024938734323
dim_municipios,proporcao_maternidade_fundamental_incompleto_crianca_15_menos,double,27748,1454.0,0.9475998270145596
dim_municipios,proporcao_analfabetismo_15_mais,double,27748,1447.0,0.9478520974484648
dim_municipios,proporcao_analfabetismo_18_mais,double,27748,1447.0,0.9478520974484648
dim_municipios,proporcao_analfabetismo_25_mais,double,27748,1448.0,0.9478160588150497
dim_municipios,proporcao_responsavel_fundamental_incompleto,double,27748,1447.0,0.9478520974484648
dim_municipios,proporcao_anos_finais_11_13,double,27748,1457.0,0.9474917111143145
dim_municipios,proporcao_fundamental_completo_15_17,double,27748,1457.0,0.9474917111143145
dim_municipios,proporcao_fundamental_completo_18_mais,double,27748,1447.0,0.9478520974484648
dim_municipios,proporcao_medio_completo_18_20,double,27748,1455.0,0.9475637883811446
dim_municipios,populacao_ocupada_trabalho,double,27748,12567.0,0.5471024938734323
dim_municipios,proporcao_ocupado_fundamental_18_mais,double,27748,1447.0,0.9478520974484648
dim_municipios,proporcao_ocupado_medio_18_mais,double,27748,1447.0,0.9478520974484648
dim_municipios,proporcao_ocupado_superior_18_mais,double,27748,1447.0,0.9478520974484648
dim_municipios,proporcao_desocupado_15_24,double,27748,1450.0,0.9477439815482197
dim_municipios,proporcao_desocupado_18_mais,double,27748,1447.0,0.9478520974484648
dim_municipios,proporcao_ocupados_informal_18_mais,double,27748,1447.0,0.9478520974484648
dim_municipios,proporcao_carteira_18_mais,double,27748,1447.0,0.9478520974484648
dim_municipios,proporcao_sem_carteira_18_mais,double,27748,1447.0,0.9478520974484648
dim_municipios,proporcao_setor_publico_18_mais,double,27748,1447.0,0.9478520974484648
dim_municipios,proporcao_empreendedor_18_mais,double,27748,1447.0,0.9478520974484648
dim_municipios,proporcao_empregador_18_mais,double,27748,1447.0,0.9478520974484648
dim_municipios,proporcao_mercado_formal_18_mais,double,27748,1447.0,0.9478520974484648
dim_municipios,proporcao_atividade_10_14,double,27748,1454.0,0.9475998270145596
dim_municipios,pea_10_mais,int64,27748,0.0,1.0
dim_municipios,pea_10_14,int64,27748,0.0,1.0
dim_municipios,pea_15_17,int64,27748,0.0,1.0
dim_municipios,pea_18_mais,int64,27748,0.0,1.0
dim_municipios,expectativa_vida,double,27748,1460.0,0.9473835952140695
dim_municipios,indice_gini,double,27748,1447.0,0.9478520974484648
dim_municipios,populacao_0_1,int64,27748,0.0,1.0
dim_municipios,populacao_1_3,int64,27748,0.0,1.0
dim_municipios,populacao_4,int64,27748,0.0,1.0
dim_municipios,populacao_5,int64,27748,0.0,1.0
dim_municipios,populacao_6,int64,27748,0.0,1.0
dim_municipios,populacao_6_10,int64,27748,0.0,1.0
dim_municipios,populacao_6_17,int64,27748,0.0,1.0
dim_municipios,populacao_11_13,int64,27748,0.0,1.0
dim_municipios,populacao_11_14,int64,27748,0.0,1.0
dim_municipios,populacao_12_14,int64,27748,0.0,1.0
dim_municipios,populacao_15_mais,int64,27748,0.0,1.0
dim_municipios,populacao_15_17,int64,27748,0.0,1.0
dim_municipios,populacao_15_24,int64,27748,0.0,1.0
dim_municipios,populacao_16_18,int64,27748,0.0,1.0
dim_municipios,populacao_18_mais,int64,27748,0.0,1.0
dim_municipios,populacao_18_20,int64,27748,0.0,1.0
dim_municipios,populacao_18_24,int64,27748,0.0,1.0
dim_municipios,populacao_19_21,int64,27748,0.0,1.0
dim_municipios,populacao_25_mais,int64,27748,0.0,1.0
dim_municipios,populacao_65_mais,int64,27748,0.0,1.0
dim_municipios,sigla_uf_nome,large_string,27748,0.0,1.0
dim_municipios,id_municipio_nome,large_string,27748,0.0,1.0
dim_udh,id_udh,large_string,1961,0.0,1.0
dim_udh,nome_udh,large_string,1961,0.0,1.0
dim_udh,id_municipio,large_string,1961,0.0,1.0
dim_udh,geometry,binary,1961,0.0,1.0
dim_udh,lat,double,1961,0.0,1.0
dim_udh,long,double,1961,0.0,1.0
fat_avs,ano,int64,1961,0.0,1.0
fat_avs,sigla_uf,large_string,1961,0.0,1.0
fat_avs,id_municipio,large_string,1961,0.0,1.0
fat_avs,raca_cor,large_string,1961,0.0,1.0
fat_avs,sexo,large_string,1961,0.0,1.0
fat_avs,localizacao,large_string,1961,0.0,1.0
fat_avs,ivs,double,1961,0.0,1.0
fat_avs,ivs_infraestrutura_urbana,double,1961,0.0,1.0
fat_avs,ivs_capital_humano,double,1961,0.0,1.0
fat_avs,ivs_renda_trabalho,double,1961,0.0,1.0
fat_avs,udh,large_string,1961,0.0,1.0
fat_avs,nome_udh,large_string,1961,0.0,1.0
fat_avs,idhm,double,1961,0.0,1.0
fat_avs,idhm_l,double,1961,0.0,1.0
fat_avs,idhm_e,double,1961,0.0,1.0
fat_avs,idhm_r,double,1961,0.0,1.0
fat_avs,idhm_subescolaridade,double,1961,0.0,1.0
fat_avs,idhm_subfrequencia,double,1961,0.0,1.0
fat_avs,prosperidade_social,large_string,1961,4.0,0.9979602243753187
fat_avs,proporcao_vulnerabilidade_socioeconomica,double,1961,0.0,1.0
fat_avs,propocao_energia_eletrica,double,1961,0.0,1.0
fat_avs,proporcao_domicilio_densidade,double,1961,0.0,1.0
fat_avs,proporcao_sem_agua_esgoto,double,1961,0.0,1.0
fat_avs,proporcao_sem_coleta,double,1961,0.0,1.0
fat_avs,renda_per_capita,double,1961,0.0,1.0
fat_avs,renda_media_18_mais,double,1961,0.0,1.0
fat_avs,proporcao_sem_renda_18_mais,double,1961,0.0,1.0
fat_avs,renda_trabalho,double,1961,0.0,1.0
fat_avs,renda_per_capita_vulneravel,double,1961,0.0,1.0
fat_avs,proporcao_vulneravel,double,1961,0.0,1.0
fat_avs,populacao_vulneravel_15_24,double,1961,1961.0,0.0
fat_avs,proporcao_vulneravel_dependente_idoso,double,1961,0.0,1.0
fat_avs,populacao_vulneravel_e_idoso,double,1961,1961.0,0.0
fat_avs,razao_dependencia,double,1961,0.0,1.0
fat_avs,fecundidade_total,double,1961,0.0,1.0
fat_avs,taxa_envelhecimento,double,1961,0.0,1.0
fat_avs,mortalidade_1_menos,double,1961,0.0,1.0
fat_avs,proporcao_mortalidade_5_menos,double,1961,0.0,1.0
fat_avs,proporcao_crianca_fora_escola_0_5,double,1961,0.0,1.0
fat_avs,proporcao_escola_5_6,double,1961,0.0,1.0
fat_avs,proporcao_crianca_fora_escola_6_14,double,1961,0.0,1.0
fat_avs,proporcao_maternidade_10_17,double,1961,0.0,1.0
fat_avs,maternidade_crianca_15_menos,double,1961,1961.0,0.0
fat_avs,proporcao_maternidade_fundamental_incompleto_crianca_15_menos,double,1961,0.0,1.0
fat_avs,proporcao_analfabetismo_15_mais,double,1961,0.0,1.0
fat_avs,proporcao_analfabetismo_18_mais,double,1961,0.0,1.0
fat_avs,proporcao_analfabetismo_25_mais,double,1961,0.0,1.0
fat_avs,proporcao_responsavel_fundamental_incompleto,double,1961,0.0,1.0
fat_avs,proporcao_anos_finais_11_13,double,1961,0.0,1.0
fat_avs,proporcao_fundamental_completo_15_17,double,1961,0.0,1.0
fat_avs,proporcao_fundamental_completo_18_mais,double,1961,0.0,1.0
fat_avs,proporcao_medio_completo_18_20,double,1961,0.0,1.0
fat_avs,populacao_ocupada_trabalho,double,1961,1961.0,0.0
fat_avs,proporcao_ocupado_fundamental_18_mais,double,1961,0.0,1.0
fat_avs,proporcao_ocupado_medio_18_mais,double,1961,0.0,1.0
fat_avs,proporcao_ocupado_superior_18_mais,double,1961,0.0,1.0
fat_avs,proporcao_desocupado_15_24,double,1961,0.0,1.0
fat_avs,proporcao_desocupado_18_mais,double,1961,0.0,1.0
fat_avs,proporcao_ocupados_informal_18_mais,double,1961,0.0,1.0
fat_avs,proporcao_carteira_18_mais,double,1961,0.0,1.0
fat_avs,proporcao_sem_carteira_18_mais,double,1961,0.0,1.0
fat_avs,proporcao_setor_publico_18_mais,double,1961,0.0,1.0
fat_avs,proporcao_empreendedor_18_mais,double,1961,0.0,1.0
fat_avs,proporcao_empregador_18_mais,double,1961,0.0,1.0
fat_avs,proporcao_mercado_formal_18_mais,double,1961,0.0,1.0
fat_avs,proporcao_atividade_10_14,double,1961,0.0,1.0
fat_avs,pea_10_mais,int64,1961,0.0,1.0
fat_avs,pea_10_14,int64,1961,0.0,1.0
fat_avs,pea_15_17,int64,1961,0.0,1.0
fat_avs,pea_18_mais,int64,1961,0.0,1.0
fat_avs,expectativa_vida,double,1961,0.0,1.0
fat_avs,indice_gini,double,1961,0.0,1.0
fat_avs,populacao_0_1,int64,1961,0.0,1.0
fat_avs,populacao_1_3,int64,1961,0.0,1.0
fat_avs,populacao_4,int64,1961,0.0,1.0
fat_avs,populacao_5,int64,1961,0.0,1.0
fat_avs,populacao_6,int64,1961,0.0,1.0
fat_avs,populacao_6_10,int64,1961,0.0,1.0
fat_avs,populacao_6_17,int64,1961,0.0,1.0
fat_avs,populacao_11_13,int64,1961,0.0,1.0
fat_avs,populacao_11_14,int64,1961,0.0,1.0
fat_avs,populacao_12_14,int64,1961,0.0,1.0
fat_avs,populacao_15_mais,int64,1961,0.0,1.0
fat_avs,populacao_15_17,int64,1961,0.0,1.0
fat_avs,populacao_15_24,int64,1961,0.0,1.0
fat_avs,populacao_16_18,int64,1961,0.0,1.0
fat_avs,populacao_18_mais,int64,1961,0.0,1.0
fat_avs,populacao_18_20,int64,1961,0.0,1.0
fat_avs,populacao_18_24,int64,1961,0.0,1.0
fat_avs,populacao_19_21,int64,1961,0.0,1.0
fat_avs,populacao_25_mais,int64,1961,0.0,1.0
fat_avs,populacao_65_mais,int64,1961,0.0,1.0
fat_clima,id_municipio,large_string,145450,0.0,1.0
fat_clima,ano,int64,145450,0.0,1.0
fat_clima,semana,int64,145450,0.0,1.0
fat_clima,data_inicio_semana,date32[day],145450,0.0,1.0
fat_clima,data_fim_semana,date32[day],145450,0.0,1.0
fat_clima,precip_total_semana_media_estacoes,double,145450,42747.0,0.7061051907872121
fat_clima,precip_total_diaria_media_semana_media_estacoes,double,145450,42747.0,0.7061051907872121
fat_clima,temp_max_diaria_media_semana_media_estacoes,double,145450,31941.0,0.7803987624613269
fat_clima,temp_min_diaria_media_semana_media_estacoes,double,145450,31929.0,0.7804812650395325
fat_clima,temp_media_diaria_media_semana_media_estacoes,double,145450,31942.0,0.7803918872464765
fat_clima,umidade_rel_media_diaria_media_semana_media_estacoes,double,145450,34840.0,0.7604675146098315
fat_clima,umidade_rel_max_diaria_media_semana_media_estacoes,double,145450,34944.0,0.7597524922653833
fat_clima,umidade_rel_min_diaria_media_semana_media_estacoes,double,145450,35045.0,0.7590580955654864
fat_clima,vento_rajada_max_semana_media_estacoes,double,145450,38345.0,0.736369886558955
fat_clima,vento_vel_media_diaria_media_semana_media_estacoes,double,145450,38307.0,0.7366311447232726
fat_clima,numero_estacoes_consideradas,int64,145450,0.0,1.0
fat_dieese,data,large_string,3491,0.0,1.0
fat_dieese,municipio,large_string,3491,0.0,1.0
fat_dieese,id_municipio,int64,3491,0.0,1.0
fat_dieese,vlr_cesta_basica,double,3491,0.0,1.0
fat_dieese,hash,large_string,3491,0.0,1.0
fat_dieese,start_date,large_string,3491,0.0,1.0
fat_dieese,end_date,null,3491,,
fat_dieese,is_current,bool,3491,0.0,1.0
fat_notificacoes,data,date32[day],5458410,0.0,1.0
fat_notificacoes,semana_notificacao,large_string,5458410,0.0,1.0
fat_notificacoes,id_cnes,large_string,5458410,872.0,0.9998402465186749
fat_notificacoes,classificacao_final,large_string,5458410,96619.0,0.9822990577842265
fat_notificacoes,sexo_paciente,large_string,5458410,50.0,0.9999908398233185
fat_notificacoes,criterio_confirmacao,large_string,5458410,670487.0,0.8771644123471853
fat_notificacoes,evolucao_caso,large_string,5458410,1061125.0,0.8055981503771245
fat_notificacoes,qt,int64,5458410,0.0,1.0
fat_sinan,tipo_notificacao,string,12493876,0.0,1.0
fat_sinan,id_agravo,string,12493876,0.0,1.0
fat_sinan,data_notificacao,date32[day],12493876,0.0,1.0
fat_sinan,id_regional_saude_notificacao,string,12493876,867149.0,0.9305940766500324
fat_sinan,id_municipio_notificacao,string,12493876,0.0,1.0
fat_sinan,id_cnes,string,12493876,1561.0,0.9998750587888018
fat_sinan,data_primeiros_sintomas,date32[day],12493876,70.0,0.9999943972551032
fat_sinan,semana_sintomas,string,12493876,0.0,1.0
fat_sinan,pais_residencia,string,12493876,10.0,0.9999991996078719
fat_sinan,ano_nascimento_paciente,int64,12493876,56579.0,0.9954714613783585
fat_sinan,data_nascimento_paciente,date32[day],12493876,12493876.0,0.0
fat_sinan,idade_paciente,int64,12493876,0.0,1.0
fat_sinan,sexo_paciente,string,12493876,51.0,0.9999959180001466
fat_sinan,raca_cor_paciente,string,12493876,68.0,0.9999945573335288
fat_sinan,escolaridade_paciente,string,12493876,2603179.0,0.7916436020335083
fat_sinan,ocupacao_paciente,string,12493876,8836973.0,0.2926956374466979
fat_sinan,gestante_paciente,string,12493876,2368.0,0.9998104671440632
fat_sinan,possui_doenca_autoimune,string,12493876,320333.0,0.974360798842569
fat_sinan,possui_diabetes,string,12493876,320333.0,0.974360798842569
fat_sinan,possui_doencas_hematologicas,string,12493876,320333.0,0.974360798842569
fat_sinan,possui_hepatopatias,string,12493876,320333.0,0.974360798842569
fat_sinan,possui_doenca_renal,string,12493876,320333.0,0.974360798842569
fat_sinan,possui_hipertensao,string,12493876,320333.0,0.974360798842569
fat_sinan,possui_doenca_acido_peptica,string,12493876,320333.0,0.974360798842569
fat_sinan,paciente_vacinado,string,12493876,12493876.0,0.0
fat_sinan,data_investigacao,date32[day],12493876,320091.0,0.9743801683320692
fat_sinan,apresenta_febre,string,12493876,320333.0,0.974360798842569
fat_sinan,data_febre,date32[day],12493876,12493876.0,0.0
fat_sinan,duracao_febre,string,12493876,12493876.0,0.0
fat_sinan,apresenta_cefaleia,string,12493876,320333.0,0.974360798842569
fat_sinan,apresenta_exantema,string,12493876,320333.0,0.974360798842569
fat_sinan,apresenta_dor_costas,string,12493876,320333.0,0.974360798842569
fat_sinan,apresenta_prostacao,string,12493876,12493876.0,0.0
fat_sinan,apresenta_mialgia,string,12493876,320333.0,0.974360798842569
fat_sinan,apresenta_vomito,string,12493876,320333.0,0.974360798842569
fat_sinan,apresenta_nausea,string,12493876,12493876.0,0.0
fat_sinan,apresenta_diarreia,string,12493876,12493876.0,0.0
fat_sinan,apresenta_conjutivite,string,12493876,320333.0,0.974360798842569
fat_sinan,apresenta_dor_retroorbital,string,12493876,320333.0,0.974360798842569
fat_sinan,apresenta_artralgia,string,12493876,320333.0,0.974360798842569
fat_sinan,apresenta_artrite,string,12493876,320333.0,0.974360798842569
fat_sinan,apresenta_leucopenia,string,12493876,320333.0,0.974360798842569
fat_sinan,apresenta_epistaxe,string,12493876,12493876.0,0.0
fat_sinan,apresenta_petequias,string,12493876,320333.0,0.974360798842569
fat_sinan,apresenta_gengivorragia,string,12493876,12443921.0,0.0039983588759805455
fat_sinan,apresenta_metrorragia,string,12493876,12493876.0,0.0
fat_sinan,apresenta_hematuria,string,12493876,12493876.0,0.0
fat_sinan,apresenta_sangramento,string,12493876,12493876.0,0.0
fat_sinan,apresenta_complicacao,string,12493876,12443921.0,0.0039983588759805455
fat_sinan,apresenta_ascite,string,12493876,12493876.0,0.0
fat_sinan,apresenta_pleurite,string,12493876,12493876.0,0.0
fat_sinan,apresenta_pericardite,string,12493876,12493876.0,0.0
fat_sinan,apresenta_dor_abdominal,string,12493876,12493876.0,0.0
fat_sinan,apresenta_hepatomegalia,string,12493876,12493876.0,0.0
fat_sinan,apresenta_miocardite,string,12493876,12493876.0,0.0
fat_sinan,apresenta_hipotensao,string,12493876,12493876.0,0.0
fat_sinan,apresenta_choque,string,12493876,12493876.0,0.0
fat_sinan,apresenta_insuficiencia_orgao,string,12493876,12493876.0,0.0
fat_sinan,apresenta_sintoma_outro,string,12493876,12493876.0,0.0
fat_sinan,apresenta_qual_sintoma,string,12493876,12493876.0,0.0
fat_sinan,prova_laco,string,12493876,10119640.0,0.19003198046787084
fat_sinan,internacao,string,12493876,3375116.0,0.729858372213715
fat_sinan,data_internacao,date32[day],12493876,12132201.0,0.028948182293469182
fat_sinan,id_municipio_internacao,string,12493876,12135219.0,0.0287066239492052
fat_sinan,alarme_hipotensao,string,12493876,12231407.0,0.021007812147327165
fat_sinan,alarme_plaqueta,string,12493876,12230985.0,0.021041588695133506
fat_sinan,alarme_vomito,string,12493876,12231705.0,0.020983960461909534
fat_sinan,alarme_sangramento,string,12493876,12231335.0,0.021013574970649596
fat_sinan,alarme_hematocrito,string,12493876,12232092.0,0.02095298528655154
fat_sinan,alarme_dor_abdominal,string,12493876,12230340.0,0.02109321398739672
fat_sinan,alarme_letargia,string,12493876,12231247.0,0.021020618421377035
fat_sinan,alarme_hepatomegalia,string,12493876,12232254.0,0.020940018934076154
fat_sinan,alarme_liquidos,string,12493876,12232237.0,0.020941379600693977
fat_sinan,data_alarme,date32[day],12493876,12293199.0,0.016062029109301212
fat_sinan,grave_pulso,string,12493876,12426764.0,0.005371591650181307
fat_sinan,grave_convulsao,string,12493876,12426803.0,0.005368470120881597
fat_sinan,grave_enchimento_capilar,string,12493876,12426814.0,0.005367589689540653
fat_sinan,grave_insuficiencia_respiratoria,string,12493876,12426795.0,0.005369110434584101
fat_sinan,grave_taquicardia,string,12493876,12426785.0,0.005369910826712232
fat_sinan,grave_extremidade_fria,string,12493876,12426812.0,0.005367749767966279
fat_sinan,grave_hipotensao,string,12493876,12426809.0,0.005367989885604718
fat_sinan,grave_hematemese,string,12493876,12426795.0,0.005369110434584101
fat_sinan,grave_melena,string,12493876,12426814.0,0.005367589689540653
fat_sinan,grave_metrorragia,string,12493876,12426849.0,0.005364788317092306
fat_sinan,grave_sangramento,string,12493876,12426859.0,0.005363987924964175
fat_sinan,grave_ast_alt,string,12493876,12426872.0,0.005362947415197605
fat_sinan,grave_miocardite,string,12493876,12426873.0,0.005362867375984792
fat_sinan,grave_consciencia,string,12493876,12426823.0,0.005366869336625446
fat_sinan,grave_orgaos,string,12493876,12426868.0,0.005363267572048858
fat_sinan,data_hematocrito,date32[day],12493876,12493876.0,0.0
fat_sinan,hematocrito_maior,string,12493876,12493876.0,0.0
fat_sinan,data_plaquetas,date32[day],12493876,12493876.0,0.0
fat_sinan,plaqueta_maior,string,12493876,12493876.0,0.0
fat_sinan,data_hematocrito_2,date32[day],12493876,12493876.0,0.0
fat_sinan,hematocrito_menor,string,12493876,12493876.0,0.0
fat_sinan,data_plaquetas_2,date32[day],12493876,12493876.0,0.0
fat_sinan,plaqueta_menor,string,12493876,12443921.0,0.0039983588759805455
fat_sinan,data_sorologia1_chikungunya,date32[day],12493876,12485627.0,0.0006602434664790824
fat_sinan,data_resultado_sorologia1_chikungunya,date32[day],12493876,12493876.0,0.0
fat_sinan,resultado_sorologia1_chikungunya,string,12493876,11345276.0,0.09193303983487588
fat_sinan,sorologia1_igm,string,12493876,12493876.0,0.0
fat_sinan,sorologia1_igg,string,12493876,12493876.0,0.0
fat_sinan,sorologia1_tit1,string,12493876,12493876.0,0.0
fat_sinan,resultado_sorologia2_chikungunya,string,12493876,12422430.0,0.005718481598504743
fat_sinan,sorologia2_igm,string,12493876,12493876.0,0.0
fat_sinan,sorologia2_igg,string,12493876,12493876.0,0.0
fat_sinan,sorologia2_tit1,string,12493876,12493876.0,0.0
fat_sinan,resultado_prnt,string,12493876,12472208.0,0.0017342896631917792
fat_sinan,data_ns1,date32[day],12493876,9055347.0,0.2752171543882779
fat_sinan,resultado_ns1,string,12493876,5837059.0,0.5328063925078175
fat_sinan,data_viral,date32[day],12493876,12462372.0,0.0025215553604022167
fat_sinan,resultado_viral,string,12493876,6915763.0,0.44646777349158895
fat_sinan,data_pcr,date32[day],12493876,12072154.0,0.03375429690513976
fat_sinan,resultado_pcr,string,12493876,6702175.0,0.4635631888774948
fat_sinan,amostra_pcr,string,12493876,12493876.0,0.0
fat_sinan,amostra_outra,string,12493876,12493876.0,0.0
fat_sinan,tecnica,string,12493876,12493876.0,0.0
fat_sinan,resultado_amostra_outra,string,12493876,12493876.0,0.0
fat_sinan,data_sorologia_dengue,date32[day],12493876,10197801.0,0.18377603555533928
fat_sinan,resultado_sorologia_dengue,string,12493876,6587647.0,0.47272991984232915
fat_sinan,sorotipo,string,12493876,12172167.0,0.025749335114259142
fat_sinan,histopatologia,string,12493876,7560133.0,0.3948929059324744
fat_sinan,imunohistoquimica,string,12493876,7551404.0,0.39559156822110286
fat_sinan,manifestacao_hemorragica,string,12493876,12443921.0,0.0039983588759805455
fat_sinan,classificacao_final,string,12493876,176545.0,0.9858694771742572
fat_sinan,criterio_confirmacao,string,12493876,1347289.0,0.8921640490108914
fat_sinan,caso_fhd,string,12493876,12443921.0,0.0039983588759805455
fat_sinan,caso_autoctone,string,12493876,5436107.0,0.5648982749628698
fat_sinan,pais_infeccao,string,12493876,5097789.0,0.5919769813627092
fat_sinan,id_municipio_infeccao,string,12493876,5816504.0,0.5344515985271504
fat_sinan,doenca_trabalho,string,12493876,12443920.0,0.003998438915193359
fat_sinan,apresentacao_clinica,string,12493876,12406568.0,0.0069880635921150125
fat_sinan,evolucao_caso,string,12493876,2109101.0,0.8311892162208109
fat_sinan,tipo_sistema,string,12493876,187919.0,0.9849591111677433
fat_sinan,target,int64,12493876,0.0,1.0
fat_sinan,obito,int64,12493876,0.0,1.0
fat_sinan,flag_caso_encerrado,int64,12493876,0.0,1.0
fat_sinan,qt_dias_encerramento,int64,12493876,276642.0,0.9778577920895005
fat_sinan,qt_dias_obito,int64,12493876,12478202.0,0.001254534621601855
fat_sinan,qt_dias_notificacao_primeiros_sintomas,int64,12493876,70.0,0.9999943972551032
fat_sinan,qt,int64,12493876,0.0,1.0
