city,week,origin,start,end,observed,predicted,baseline
1302603,2024-01-07,2024-01-13,2024-01-14,2024-02-10,793.0,1409.3222699970966,691.0
2611606,2024-01-07,2024-01-13,2024-01-14,2024-02-10,102.0,53.97382408021541,105.0
3304557,2024-01-07,2024-01-13,2024-01-14,2024-02-10,15280.0,4993.5302785758095,3433.0
4314902,2024-01-07,2024-01-13,2024-01-14,2024-02-10,217.0,187.74837042399975,231.0
5103403,2024-01-07,2024-01-13,2024-01-14,2024-02-10,144.0,171.64662653218426,61.0
1302603,2024-01-14,2024-01-20,2024-01-21,2024-02-17,640.0,1407.6810617189085,881.0
2611606,2024-01-14,2024-01-20,2024-01-21,2024-02-17,143.0,67.69153163406882,63.0
3304557,2024-01-14,2024-01-20,2024-01-21,2024-02-17,21461.0,8106.6310501738335,4565.0
4314902,2024-01-14,2024-01-20,2024-01-21,2024-02-17,325.0,203.47327935303514,160.0
5103403,2024-01-14,2024-01-20,2024-01-21,2024-02-17,146.0,155.17731330235532,83.0
1302603,2024-01-21,2024-01-27,2024-01-28,2024-02-24,545.0,1034.0223432231885,959.0
2611606,2024-01-21,2024-01-27,2024-01-28,2024-02-24,249.0,144.6976502870365,56.0
3304557,2024-01-21,2024-01-27,2024-01-28,2024-02-24,33825.0,11653.901840488217,6209.0
4314902,2024-01-21,2024-01-27,2024-01-28,2024-02-24,531.0,225.28260137576189,107.0
5103403,2024-01-21,2024-01-27,2024-01-28,2024-02-24,215.0,210.57763496891837,117.0
1302603,2024-01-28,2024-02-03,2024-02-04,2024-03-02,543.0,655.44312818852,894.0
2611606,2024-01-28,2024-02-03,2024-02-04,2024-03-02,428.0,85.41812287281753,68.0
3304557,2024-01-28,2024-02-03,2024-02-04,2024-03-02,43072.0,18374.51518818303,9335.0
4314902,2024-01-28,2024-02-03,2024-02-04,2024-03-02,773.0,234.13204246096007,135.0
5103403,2024-01-28,2024-02-03,2024-02-04,2024-03-02,307.0,159.6680151534317,136.0
1302603,2024-02-04,2024-02-10,2024-02-11,2024-03-09,475.0,627.4126124835578,793.0
2611606,2024-02-04,2024-02-10,2024-02-11,2024-03-09,615.0,217.86869543289893,102.0
3304557,2024-02-04,2024-02-10,2024-02-11,2024-03-09,47064.0,31879.6033016427,15280.0
4314902,2024-02-04,2024-02-10,2024-02-11,2024-03-09,1566.0,567.1400015894692,217.0
5103403,2024-02-04,2024-02-10,2024-02-11,2024-03-09,364.0,198.6726867257072,144.0
1302603,2024-02-11,2024-02-17,2024-02-18,2024-03-16,398.0,574.7589250810688,640.0
2611606,2024-02-11,2024-02-17,2024-02-18,2024-03-16,844.0,313.5531316371196,143.0
3304557,2024-02-11,2024-02-17,2024-02-18,2024-03-16,48550.0,37671.11919401818,21461.0
4314902,2024-02-11,2024-02-17,2024-02-18,2024-03-16,2343.0,902.7256703864276,325.0
5103403,2024-02-11,2024-02-17,2024-02-18,2024-03-16,438.0,150.19415646231784,146.0
1302603,2024-02-18,2024-02-24,2024-02-25,2024-03-23,354.0,477.1639077149705,545.0
2611606,2024-02-18,2024-02-24,2024-02-25,2024-03-23,951.0,772.8930458907771,249.0
3304557,2024-02-18,2024-02-24,2024-02-25,2024-03-23,41492.0,60425.904113637844,33825.0
4314902,2024-02-18,2024-02-24,2024-02-25,2024-03-23,2993.0,1579.612298338728,531.0
5103403,2024-02-18,2024-02-24,2024-02-25,2024-03-23,439.0,399.40366749582756,215.0
1302603,2024-02-25,2024-03-02,2024-03-03,2024-03-30,267.0,432.4879920668959,543.0
2611606,2024-02-25,2024-03-02,2024-03-03,2024-03-30,888.0,1074.197884682493,428.0
3304557,2024-02-25,2024-03-02,2024-03-03,2024-03-30,32868.0,48133.68773802284,43072.0
4314902,2024-02-25,2024-03-02,2024-03-03,2024-03-30,3669.0,1588.6523452001147,773.0
5103403,2024-02-25,2024-03-02,2024-03-03,2024-03-30,392.0,577.3998476419273,307.0
1302603,2024-03-03,2024-03-09,2024-03-10,2024-04-06,238.0,398.7179474311087,475.0
2611606,2024-03-03,2024-03-09,2024-03-10,2024-04-06,875.0,1935.389843598942,615.0
3304557,2024-03-03,2024-03-09,2024-03-10,2024-04-06,25669.0,39018.178818448425,47064.0
4314902,2024-03-03,2024-03-09,2024-03-10,2024-04-06,4034.0,4096.30178476961,1566.0
5103403,2024-03-03,2024-03-09,2024-03-10,2024-04-06,427.0,510.24471850017557,364.0
1302603,2024-03-10,2024-03-16,2024-03-17,2024-04-13,243.0,318.8050487893363,398.0
2611606,2024-03-10,2024-03-16,2024-03-17,2024-04-13,863.0,1959.045773704153,844.0
3304557,2024-03-10,2024-03-16,2024-03-17,2024-04-13,19398.0,31661.49292724272,48550.0
4314902,2024-03-10,2024-03-16,2024-03-17,2024-04-13,4944.0,4894.256879062764,2343.0
5103403,2024-03-10,2024-03-16,2024-03-17,2024-04-13,455.0,458.0979975866452,438.0
1302603,2024-03-17,2024-03-23,2024-03-24,2024-04-20,224.0,299.3519230480576,354.0
2611606,2024-03-17,2024-03-23,2024-03-24,2024-04-20,830.0,1621.4888065292748,951.0
3304557,2024-03-17,2024-03-23,2024-03-24,2024-04-20,14270.0,22017.49873680702,41492.0
4314902,2024-03-17,2024-03-23,2024-03-24,2024-04-20,6010.0,3899.7340158971365,2993.0
5103403,2024-03-17,2024-03-23,2024-03-24,2024-04-20,469.0,417.5666467292341,439.0
1302603,2024-03-24,2024-03-30,2024-03-31,2024-04-27,212.0,165.68210467724765,267.0
2611606,2024-03-24,2024-03-30,2024-03-31,2024-04-27,863.0,884.0171320530698,888.0
3304557,2024-03-24,2024-03-30,2024-03-31,2024-04-27,11712.0,14525.55301896046,32868.0
4314902,2024-03-24,2024-03-30,2024-03-31,2024-04-27,6846.0,3498.6636518214227,3669.0
5103403,2024-03-24,2024-03-30,2024-03-31,2024-04-27,534.0,306.6799493910082,392.0
1302603,2024-03-31,2024-04-06,2024-04-07,2024-05-04,164.0,258.52629991181954,238.0
2611606,2024-03-31,2024-04-06,2024-04-07,2024-05-04,836.0,933.2789166977194,875.0
3304557,2024-03-31,2024-04-06,2024-04-07,2024-05-04,9363.0,12105.161529992705,25669.0
4314902,2024-03-31,2024-04-06,2024-04-07,2024-05-04,6836.0,3720.1771383841347,4034.0
5103403,2024-03-31,2024-04-06,2024-04-07,2024-05-04,529.0,470.61345598420627,427.0
1302603,2024-04-07,2024-04-13,2024-04-14,2024-05-11,111.0,303.25810427858573,243.0
2611606,2024-04-07,2024-04-13,2024-04-14,2024-05-11,672.0,1116.2827690023762,863.0
3304557,2024-04-07,2024-04-13,2024-04-14,2024-05-11,7835.0,8731.665847189359,19398.0
4314902,2024-04-07,2024-04-13,2024-04-14,2024-05-11,5839.0,4575.477120309653,4944.0
5103403,2024-04-07,2024-04-13,2024-04-14,2024-05-11,569.0,479.0653608487294,455.0
1302603,2024-04-14,2024-04-20,2024-04-21,2024-05-18,87.0,230.5975969929162,224.0
2611606,2024-04-14,2024-04-20,2024-04-21,2024-05-18,602.0,1034.042132894054,830.0
3304557,2024-04-14,2024-04-20,2024-04-21,2024-05-18,6731.0,6966.6681722366475,14270.0
4314902,2024-04-14,2024-04-20,2024-04-21,2024-05-18,5238.0,5384.3168646993045,6010.0
5103403,2024-04-14,2024-04-20,2024-04-21,2024-05-18,561.0,507.94245463879156,469.0
1302603,2024-04-21,2024-04-27,2024-04-28,2024-05-25,80.0,114.54719502457209,212.0
2611606,2024-04-21,2024-04-27,2024-04-28,2024-05-25,606.0,799.1900012011727,863.0
3304557,2024-04-21,2024-04-27,2024-04-28,2024-05-25,6407.0,5041.610386857558,11712.0
4314902,2024-04-21,2024-04-27,2024-04-28,2024-05-25,4356.0,4584.278240389134,6846.0
5103403,2024-04-21,2024-04-27,2024-04-28,2024-05-25,533.0,526.097148217146,534.0
1302603,2024-04-28,2024-05-04,2024-05-05,2024-06-01,77.0,95.82510728621294,164.0
2611606,2024-04-28,2024-05-04,2024-05-05,2024-06-01,551.0,844.3291475424741,836.0
3304557,2024-04-28,2024-05-04,2024-05-05,2024-06-01,5447.0,4038.04230322028,9363.0
4314902,2024-04-28,2024-05-04,2024-05-05,2024-06-01,3560.0,3534.1589204982383,6836.0
5103403,2024-04-28,2024-05-04,2024-05-05,2024-06-01,471.0,424.3724856084853,529.0
1302603,2024-05-05,2024-05-11,2024-05-12,2024-06-08,79.0,81.03211092683249,111.0
2611606,2024-05-05,2024-05-11,2024-05-12,2024-06-08,603.0,550.1716530375693,672.0
3304557,2024-05-05,2024-05-11,2024-05-12,2024-06-08,4590.0,4079.7008935440863,7835.0
4314902,2024-05-05,2024-05-11,2024-05-12,2024-06-08,3064.0,2591.477669365935,5839.0
5103403,2024-05-05,2024-05-11,2024-05-12,2024-06-08,366.0,495.3754811609059,569.0
1302603,2024-05-12,2024-05-18,2024-05-19,2024-06-15,71.0,96.239167844116,87.0
2611606,2024-05-12,2024-05-18,2024-05-19,2024-06-15,636.0,575.5265880779133,602.0
3304557,2024-05-12,2024-05-18,2024-05-19,2024-06-15,3795.0,3895.058089344151,6731.0
4314902,2024-05-12,2024-05-18,2024-05-19,2024-06-15,2043.0,2943.5334663889175,5238.0
5103403,2024-05-12,2024-05-18,2024-05-19,2024-06-15,366.0,379.4873592008718,561.0
1302603,2024-05-19,2024-05-25,2024-05-26,2024-06-22,77.0,69.11363015956763,80.0
2611606,2024-05-19,2024-05-25,2024-05-26,2024-06-22,644.0,675.7412072346684,606.0
3304557,2024-05-19,2024-05-25,2024-05-26,2024-06-22,2949.0,3862.3173867362516,6407.0
4314902,2024-05-19,2024-05-25,2024-05-26,2024-06-22,1462.0,2213.977533991917,4356.0
5103403,2024-05-19,2024-05-25,2024-05-26,2024-06-22,318.0,306.73454156354177,533.0
1302603,2024-05-26,2024-06-01,2024-06-02,2024-06-29,74.0,70.27430258201038,77.0
2611606,2024-05-26,2024-06-01,2024-06-02,2024-06-29,636.0,607.1831045453154,551.0
3304557,2024-05-26,2024-06-01,2024-06-02,2024-06-29,2786.0,2534.0389831221732,5447.0
4314902,2024-05-26,2024-06-01,2024-06-02,2024-06-29,1264.0,1275.1151613089849,3560.0
5103403,2024-05-26,2024-06-01,2024-06-02,2024-06-29,294.0,212.72479294716666,471.0
1302603,2024-06-02,2024-06-08,2024-06-09,2024-07-06,79.0,92.45157528414192,79.0
2611606,2024-06-02,2024-06-08,2024-06-09,2024-07-06,619.0,711.3151706617756,603.0
3304557,2024-06-02,2024-06-08,2024-06-09,2024-07-06,2363.0,2393.734977615535,4590.0
4314902,2024-06-02,2024-06-08,2024-06-09,2024-07-06,1113.0,733.3153182733766,3064.0
5103403,2024-06-02,2024-06-08,2024-06-09,2024-07-06,273.0,171.61003233322376,366.0
1302603,2024-06-09,2024-06-15,2024-06-16,2024-07-13,81.0,76.42416972908863,71.0
2611606,2024-06-09,2024-06-15,2024-06-16,2024-07-13,625.0,768.3690992153555,636.0
3304557,2024-06-09,2024-06-15,2024-06-16,2024-07-13,1979.0,2020.0901624477847,3795.0
4314902,2024-06-09,2024-06-15,2024-06-16,2024-07-13,869.0,539.2569893133224,2043.0
5103403,2024-06-09,2024-06-15,2024-06-16,2024-07-13,196.0,248.12924208554344,366.0
1302603,2024-06-16,2024-06-22,2024-06-23,2024-07-20,73.0,92.13327064148811,77.0
2611606,2024-06-16,2024-06-22,2024-06-23,2024-07-20,529.0,744.4326650104521,644.0
3304557,2024-06-16,2024-06-22,2024-06-23,2024-07-20,1632.0,1649.4917836933964,2949.0
4314902,2024-06-16,2024-06-22,2024-06-23,2024-07-20,637.0,466.22139035914597,1462.0
5103403,2024-06-16,2024-06-22,2024-06-23,2024-07-20,172.0,192.09364924355592,318.0
1302603,2024-06-23,2024-06-29,2024-06-30,2024-07-27,77.0,65.26658178332852,74.0
2611606,2024-06-23,2024-06-29,2024-06-30,2024-07-27,504.0,608.4033954459372,636.0
3304557,2024-06-23,2024-06-29,2024-06-30,2024-07-27,1303.0,1575.2397732843644,2786.0
4314902,2024-06-23,2024-06-29,2024-06-30,2024-07-27,402.0,445.9343441397927,1264.0
5103403,2024-06-23,2024-06-29,2024-06-30,2024-07-27,147.0,135.9094674112439,294.0
1302603,2024-06-30,2024-07-06,2024-07-07,2024-08-03,65.0,92.02660110843624,79.0
2611606,2024-06-30,2024-07-06,2024-07-07,2024-08-03,472.0,556.9670948079918,619.0
3304557,2024-06-30,2024-07-06,2024-07-07,2024-08-03,1078.0,1200.0770817726593,2363.0
4314902,2024-06-30,2024-07-06,2024-07-07,2024-08-03,254.0,334.8026929330259,1113.0
5103403,2024-06-30,2024-07-06,2024-07-07,2024-08-03,114.0,127.45433516944992,273.0
1302603,2024-07-07,2024-07-13,2024-07-14,2024-08-10,64.0,77.0976690184568,81.0
2611606,2024-07-07,2024-07-13,2024-07-14,2024-08-10,383.0,654.6111515631897,625.0
3304557,2024-07-07,2024-07-13,2024-07-14,2024-08-10,976.0,899.650823138357,1979.0
4314902,2024-07-07,2024-07-13,2024-07-14,2024-08-10,241.0,212.21523830584727,869.0
5103403,2024-07-07,2024-07-13,2024-07-14,2024-08-10,93.0,97.17356579522392,196.0
1302603,2024-07-14,2024-07-20,2024-07-21,2024-08-17,73.0,56.029739327657396,73.0
2611606,2024-07-14,2024-07-20,2024-07-21,2024-08-17,382.0,383.74202567463334,529.0
3304557,2024-07-14,2024-07-20,2024-07-21,2024-08-17,831.0,812.2489888561454,1632.0
4314902,2024-07-14,2024-07-20,2024-07-21,2024-08-17,192.0,184.84779447954006,637.0
5103403,2024-07-14,2024-07-20,2024-07-21,2024-08-17,67.0,95.00893933116399,172.0
1302603,2024-07-21,2024-07-27,2024-07-28,2024-08-24,65.0,68.20053848750445,77.0
2611606,2024-07-21,2024-07-27,2024-07-28,2024-08-24,391.0,399.7802659863769,504.0
3304557,2024-07-21,2024-07-27,2024-07-28,2024-08-24,764.0,640.6024876189551,1303.0
4314902,2024-07-21,2024-07-27,2024-07-28,2024-08-24,195.0,84.04016136157003,402.0
5103403,2024-07-21,2024-07-27,2024-07-28,2024-08-24,60.0,59.145614586282456,147.0
1302603,2024-07-28,2024-08-03,2024-08-04,2024-08-31,58.0,55.44989530612499,65.0
2611606,2024-07-28,2024-08-03,2024-08-04,2024-08-31,395.0,417.27942829828805,472.0
3304557,2024-07-28,2024-08-03,2024-08-04,2024-08-31,707.0,562.892455683107,1078.0
4314902,2024-07-28,2024-08-03,2024-08-04,2024-08-31,225.0,54.93359264283283,254.0
5103403,2024-07-28,2024-08-03,2024-08-04,2024-08-31,71.0,45.94517821455502,114.0
1302603,2024-08-04,2024-08-10,2024-08-11,2024-09-07,45.0,71.30871093680372,64.0
2611606,2024-08-04,2024-08-10,2024-08-11,2024-09-07,362.0,335.1109297022768,383.0
3304557,2024-08-04,2024-08-10,2024-08-11,2024-09-07,642.0,575.7220471307496,976.0
4314902,2024-08-04,2024-08-10,2024-08-11,2024-09-07,182.0,115.96813806589884,241.0
5103403,2024-08-04,2024-08-10,2024-08-11,2024-09-07,77.0,65.25272808220984,93.0
1302603,2024-08-11,2024-08-17,2024-08-18,2024-09-14,29.0,91.5029640990381,73.0
2611606,2024-08-11,2024-08-17,2024-08-18,2024-09-14,347.0,292.32713934025935,382.0
3304557,2024-08-11,2024-08-17,2024-08-18,2024-09-14,631.0,473.06830114012934,831.0
4314902,2024-08-11,2024-08-17,2024-08-18,2024-09-14,236.0,91.51596734998016,192.0
5103403,2024-08-11,2024-08-17,2024-08-18,2024-09-14,78.0,50.179442207603906,67.0
1302603,2024-08-18,2024-08-24,2024-08-25,2024-09-21,34.0,46.210462430209596,65.0
2611606,2024-08-18,2024-08-24,2024-08-25,2024-09-21,280.0,391.445437838891,391.0
3304557,2024-08-18,2024-08-24,2024-08-25,2024-09-21,602.0,585.1506799529008,764.0
4314902,2024-08-18,2024-08-24,2024-08-25,2024-09-21,295.0,84.81057872263705,195.0
5103403,2024-08-18,2024-08-24,2024-08-25,2024-09-21,85.0,41.440376717035846,60.0
1302603,2024-08-25,2024-08-31,2024-09-01,2024-09-28,33.0,32.13183530208198,58.0
2611606,2024-08-25,2024-08-31,2024-09-01,2024-09-28,240.0,423.53064288431216,395.0
3304557,2024-08-25,2024-08-31,2024-09-01,2024-09-28,626.0,538.1802356397898,707.0
4314902,2024-08-25,2024-08-31,2024-09-01,2024-09-28,307.0,132.67667361456228,225.0
5103403,2024-08-25,2024-08-31,2024-09-01,2024-09-28,66.0,80.03089611897349,71.0
1302603,2024-09-01,2024-09-07,2024-09-08,2024-10-05,36.0,22.642119469728122,45.0
2611606,2024-09-01,2024-09-07,2024-09-08,2024-10-05,257.0,255.29352329733007,362.0
3304557,2024-09-01,2024-09-07,2024-09-08,2024-10-05,638.0,539.9074930328737,642.0
4314902,2024-09-01,2024-09-07,2024-09-08,2024-10-05,347.0,102.94252478701006,182.0
5103403,2024-09-01,2024-09-07,2024-09-08,2024-10-05,58.0,94.50979024781924,77.0
1302603,2024-09-08,2024-09-14,2024-09-15,2024-10-12,35.0,26.944175821818177,29.0
2611606,2024-09-08,2024-09-14,2024-09-15,2024-10-12,242.0,249.3818557055948,347.0
3304557,2024-09-08,2024-09-14,2024-09-15,2024-10-12,643.0,511.34858514307405,631.0
4314902,2024-09-08,2024-09-14,2024-09-15,2024-10-12,292.0,224.96125003058222,236.0
5103403,2024-09-08,2024-09-14,2024-09-15,2024-10-12,43.0,69.01230132505177,78.0
1302603,2024-09-15,2024-09-21,2024-09-22,2024-10-19,29.0,58.94587829877511,34.0
2611606,2024-09-15,2024-09-21,2024-09-22,2024-10-19,268.0,185.86569727310996,280.0
3304557,2024-09-15,2024-09-21,2024-09-22,2024-10-19,638.0,525.4573400749067,602.0
4314902,2024-09-15,2024-09-21,2024-09-22,2024-10-19,225.0,289.2618040552561,295.0
5103403,2024-09-15,2024-09-21,2024-09-22,2024-10-19,30.0,79.85408574712831,85.0
1302603,2024-09-22,2024-09-28,2024-09-29,2024-10-26,28.0,30.77298509239683,33.0
2611606,2024-09-22,2024-09-28,2024-09-29,2024-10-26,266.0,268.53714754236927,240.0
3304557,2024-09-22,2024-09-28,2024-09-29,2024-10-26,642.0,634.7646259326078,626.0
4314902,2024-09-22,2024-09-28,2024-09-29,2024-10-26,202.0,240.31395092989385,307.0
5103403,2024-09-22,2024-09-28,2024-09-29,2024-10-26,38.0,25.09029092280373,66.0
1302603,2024-09-29,2024-10-05,2024-10-06,2024-11-02,26.0,38.964812644256355,36.0
2611606,2024-09-29,2024-10-05,2024-10-06,2024-11-02,268.0,300.93738862193186,257.0
3304557,2024-09-29,2024-10-05,2024-10-06,2024-11-02,639.0,623.9726356567087,638.0
4314902,2024-09-29,2024-10-05,2024-10-06,2024-11-02,144.0,242.8947840443634,347.0
5103403,2024-09-29,2024-10-05,2024-10-06,2024-11-02,24.0,67.66593768301689,58.0
1302603,2024-10-06,2024-10-12,2024-10-13,2024-11-09,40.0,31.899490424366462,35.0
2611606,2024-10-06,2024-10-12,2024-10-13,2024-11-09,328.0,208.31999899451003,242.0
3304557,2024-10-06,2024-10-12,2024-10-13,2024-11-09,694.0,587.2922691175709,643.0
4314902,2024-10-06,2024-10-12,2024-10-13,2024-11-09,127.0,147.01772130854258,292.0
5103403,2024-10-06,2024-10-12,2024-10-13,2024-11-09,29.0,6.691848556021984,43.0
1302603,2024-10-13,2024-10-19,2024-10-20,2024-11-16,41.0,42.315290142720286,29.0
2611606,2024-10-13,2024-10-19,2024-10-20,2024-11-16,338.0,283.7914027406504,268.0
3304557,2024-10-13,2024-10-19,2024-10-20,2024-11-16,698.0,565.0448047652386,638.0
4314902,2024-10-13,2024-10-19,2024-10-20,2024-11-16,131.0,106.2077024211045,225.0
5103403,2024-10-13,2024-10-19,2024-10-20,2024-11-16,27.0,24.57372669445474,30.0
1302603,2024-10-20,2024-10-26,2024-10-27,2024-11-23,47.0,27.13734471689335,28.0
2611606,2024-10-20,2024-10-26,2024-10-27,2024-11-23,382.0,308.93055320700984,266.0
3304557,2024-10-20,2024-10-26,2024-10-27,2024-11-23,641.0,688.8834408244921,642.0
4314902,2024-10-20,2024-10-26,2024-10-27,2024-11-23,117.0,122.85552139093589,202.0
5103403,2024-10-20,2024-10-26,2024-10-27,2024-11-23,22.0,61.70060362825508,38.0
1302603,2024-10-27,2024-11-02,2024-11-03,2024-11-30,58.0,31.029376238526133,26.0
2611606,2024-10-27,2024-11-02,2024-11-03,2024-11-30,409.0,329.22791394971637,268.0
3304557,2024-10-27,2024-11-02,2024-11-03,2024-11-30,717.0,686.9823782216722,639.0
4314902,2024-10-27,2024-11-02,2024-11-03,2024-11-30,99.0,71.27339633478799,144.0
5103403,2024-10-27,2024-11-02,2024-11-03,2024-11-30,23.0,23.584373325581105,24.0
1302603,2024-11-03,2024-11-09,2024-11-10,2024-12-07,49.0,93.84240680410612,40.0
2611606,2024-11-03,2024-11-09,2024-11-10,2024-12-07,395.0,457.33621009018094,328.0
3304557,2024-11-03,2024-11-09,2024-11-10,2024-12-07,683.0,816.2105341047052,694.0
4314902,2024-11-03,2024-11-09,2024-11-10,2024-12-07,79.0,76.88168019449841,127.0
5103403,2024-11-03,2024-11-09,2024-11-10,2024-12-07,38.0,31.601317632136908,29.0
1302603,2024-11-10,2024-11-16,2024-11-17,2024-12-14,57.0,59.32103607424202,41.0
2611606,2024-11-10,2024-11-16,2024-11-17,2024-12-14,403.0,377.50340461019346,338.0
3304557,2024-11-10,2024-11-16,2024-11-17,2024-12-14,747.0,649.2614720718092,698.0
4314902,2024-11-10,2024-11-16,2024-11-17,2024-12-14,59.0,106.67059225284201,131.0
5103403,2024-11-10,2024-11-16,2024-11-17,2024-12-14,71.0,22.969025881946255,27.0
1302603,2024-11-17,2024-11-23,2024-11-24,2024-12-21,61.0,61.823579564808384,47.0
2611606,2024-11-17,2024-11-23,2024-11-24,2024-12-21,379.0,502.8059472547546,382.0
3304557,2024-11-17,2024-11-23,2024-11-24,2024-12-21,802.0,551.226343750382,641.0
4314902,2024-11-17,2024-11-23,2024-11-24,2024-12-21,31.0,112.5307038603836,117.0
5103403,2024-11-17,2024-11-23,2024-11-24,2024-12-21,113.0,36.809555755527484,22.0
1302603,2024-11-24,2024-11-30,2024-12-01,2024-12-28,61.0,85.49931928631298,58.0
2611606,2024-11-24,2024-11-30,2024-12-01,2024-12-28,364.0,482.6862298927724,409.0
3304557,2024-11-24,2024-11-30,2024-12-01,2024-12-28,691.0,921.6911822951221,717.0
4314902,2024-11-24,2024-11-30,2024-12-01,2024-12-28,33.0,32.6884025021954,99.0
5103403,2024-11-24,2024-11-30,2024-12-01,2024-12-28,129.0,27.672995283131428,23.0
1302603,2024-12-01,2024-12-07,2024-12-08,2025-01-04,75.0,57.1493674395009,49.0
2611606,2024-12-01,2024-12-07,2024-12-08,2025-01-04,295.0,429.6221165813969,395.0
3304557,2024-12-01,2024-12-07,2024-12-08,2025-01-04,693.0,737.096137700872,683.0
4314902,2024-12-01,2024-12-07,2024-12-08,2025-01-04,51.0,40.22797733422869,79.0
5103403,2024-12-01,2024-12-07,2024-12-08,2025-01-04,156.0,95.89383691639877,38.0
1302603,2024-12-08,2024-12-14,2024-12-15,2025-01-11,117.0,86.3791770640311,57.0
2611606,2024-12-08,2024-12-14,2024-12-15,2025-01-11,310.0,407.96478146653294,403.0
3304557,2024-12-08,2024-12-14,2024-12-15,2025-01-11,960.0,857.7274247964376,747.0
4314902,2024-12-08,2024-12-14,2024-12-15,2025-01-11,119.0,62.94471719063473,59.0
5103403,2024-12-08,2024-12-14,2024-12-15,2025-01-11,295.0,191.84166454418798,71.0
1302603,2024-12-15,2024-12-21,2024-12-22,2025-01-18,162.0,71.7918031260379,61.0
2611606,2024-12-15,2024-12-21,2024-12-22,2025-01-18,340.0,407.4141542111125,379.0
3304557,2024-12-15,2024-12-21,2024-12-22,2025-01-18,1374.0,759.9044311955521,802.0
4314902,2024-12-15,2024-12-21,2024-12-22,2025-01-18,191.0,33.0398101413259,31.0
5103403,2024-12-15,2024-12-21,2024-12-22,2025-01-18,585.0,268.7400262609777,113.0
1302603,2024-12-22,2024-12-28,2024-12-29,2025-01-25,190.0,78.558268736763,61.0
2611606,2024-12-22,2024-12-28,2024-12-29,2025-01-25,309.0,403.17005765291236,364.0
3304557,2024-12-22,2024-12-28,2024-12-29,2025-01-25,1452.0,552.1600054473143,691.0
4314902,2024-12-22,2024-12-28,2024-12-29,2025-01-25,288.0,24.287322951360764,33.0
5103403,2024-12-22,2024-12-28,2024-12-29,2025-01-25,737.0,121.3419781923405,129.0
1302603,2024-12-29,2025-01-04,2025-01-05,2025-02-01,191.0,116.20675586455609,75.0
2611606,2024-12-29,2025-01-04,2025-01-05,2025-02-01,355.0,153.39300189609997,295.0
3304557,2024-12-29,2025-01-04,2025-01-05,2025-02-01,1632.0,727.1833781281173,693.0
4314902,2024-12-29,2025-01-04,2025-01-05,2025-02-01,363.0,108.6737892532218,51.0
5103403,2024-12-29,2025-01-04,2025-01-05,2025-02-01,856.0,220.72425743662512,156.0
1302603,2025-01-05,2025-01-11,2025-01-12,2025-02-08,169.0,264.8073607208473,117.0
2611606,2025-01-05,2025-01-11,2025-01-12,2025-02-08,345.0,435.19431406821525,310.0
3304557,2025-01-05,2025-01-11,2025-01-12,2025-02-08,1523.0,1732.0989279343837,960.0
4314902,2025-01-05,2025-01-11,2025-01-12,2025-02-08,398.0,543.2678756644517,119.0
5103403,2025-01-05,2025-01-11,2025-01-12,2025-02-08,812.0,710.177400356615,295.0
1302603,2025-01-12,2025-01-18,2025-01-19,2025-02-15,155.0,289.1174750661359,162.0
2611606,2025-01-12,2025-01-18,2025-01-19,2025-02-15,307.0,597.5765741320524,340.0
3304557,2025-01-12,2025-01-18,2025-01-19,2025-02-15,1451.0,2905.788677707699,1374.0
4314902,2025-01-12,2025-01-18,2025-01-19,2025-02-15,484.0,727.853393709553,191.0
5103403,2025-01-12,2025-01-18,2025-01-19,2025-02-15,601.0,1951.28878914714,585.0
1302603,2025-01-19,2025-01-25,2025-01-26,2025-02-22,146.0,213.55796099157945,190.0
2611606,2025-01-19,2025-01-25,2025-01-26,2025-02-22,346.0,333.53102849559775,309.0
3304557,2025-01-19,2025-01-25,2025-01-26,2025-02-22,1773.0,1467.5991979589153,1452.0
4314902,2025-01-19,2025-01-25,2025-01-26,2025-02-22,642.0,606.3523493672512,288.0
5103403,2025-01-19,2025-01-25,2025-01-26,2025-02-22,485.0,1217.4338429038446,737.0
1302603,2025-01-26,2025-02-01,2025-02-02,2025-03-01,156.0,123.3303035389989,191.0
2611606,2025-01-26,2025-02-01,2025-02-02,2025-03-01,364.0,373.37730378115333,355.0
3304557,2025-01-26,2025-02-01,2025-02-02,2025-03-01,1872.0,1402.1297317870483,1632.0
4314902,2025-01-26,2025-02-01,2025-02-02,2025-03-01,981.0,504.02086622551,363.0
5103403,2025-01-26,2025-02-01,2025-02-02,2025-03-01,394.0,816.0518529960107,856.0
1302603,2025-02-02,2025-02-08,2025-02-09,2025-03-08,141.0,145.37034342028838,169.0
2611606,2025-02-02,2025-02-08,2025-02-09,2025-03-08,296.0,442.93200975744253,345.0
3304557,2025-02-02,2025-02-08,2025-02-09,2025-03-08,1735.0,1464.0046285514643,1523.0
4314902,2025-02-02,2025-02-08,2025-02-09,2025-03-08,1322.0,488.99824061008314,398.0
5103403,2025-02-02,2025-02-08,2025-02-09,2025-03-08,297.0,586.405992991873,812.0
1302603,2025-02-09,2025-02-15,2025-02-16,2025-03-15,127.0,173.93589572460118,155.0
2611606,2025-02-09,2025-02-15,2025-02-16,2025-03-15,332.0,408.74270867974565,307.0
3304557,2025-02-09,2025-02-15,2025-02-16,2025-03-15,1616.0,1742.5174271226601,1451.0
4314902,2025-02-09,2025-02-15,2025-02-16,2025-03-15,2006.0,654.694998995995,484.0
5103403,2025-02-09,2025-02-15,2025-02-16,2025-03-15,208.0,433.5578509250428,601.0
1302603,2025-02-16,2025-02-22,2025-02-23,2025-03-22,134.0,164.29344429843445,146.0
2611606,2025-02-16,2025-02-22,2025-02-23,2025-03-22,362.0,450.92298854752283,346.0
3304557,2025-02-16,2025-02-22,2025-02-23,2025-03-22,1425.0,1973.1044836902893,1773.0
4314902,2025-02-16,2025-02-22,2025-02-23,2025-03-22,3112.0,984.1127429040711,642.0
5103403,2025-02-16,2025-02-22,2025-02-23,2025-03-22,166.0,201.73585573523326,485.0
1302603,2025-02-23,2025-03-01,2025-03-02,2025-03-29,127.0,162.17604947277306,156.0
2611606,2025-02-23,2025-03-01,2025-03-02,2025-03-29,396.0,406.5127385977712,364.0
3304557,2025-02-23,2025-03-01,2025-03-02,2025-03-29,1365.0,1785.3809149613676,1872.0
4314902,2025-02-23,2025-03-01,2025-03-02,2025-03-29,4874.0,1818.6830896568238,981.0
5103403,2025-02-23,2025-03-01,2025-03-02,2025-03-29,100.0,190.37262968913964,394.0
1302603,2025-03-02,2025-03-08,2025-03-09,2025-04-05,131.0,113.11530316753758,141.0
2611606,2025-03-02,2025-03-08,2025-03-09,2025-04-05,510.0,144.22133322943913,296.0
3304557,2025-03-02,2025-03-08,2025-03-09,2025-04-05,1422.0,1073.7322678395421,1735.0
4314902,2025-03-02,2025-03-08,2025-03-09,2025-04-05,7854.0,1987.96657124875,1322.0
5103403,2025-03-02,2025-03-08,2025-03-09,2025-04-05,83.0,117.93552817456596,297.0
1302603,2025-03-09,2025-03-15,2025-03-16,2025-04-12,130.0,141.63170143104287,127.0
2611606,2025-03-09,2025-03-15,2025-03-16,2025-04-12,508.0,459.6887186365687,332.0
3304557,2025-03-09,2025-03-15,2025-03-16,2025-04-12,1322.0,1342.7450487437927,1616.0
4314902,2025-03-09,2025-03-15,2025-03-16,2025-04-12,11037.0,3179.438305831342,2006.0
5103403,2025-03-09,2025-03-15,2025-03-16,2025-04-12,59.0,109.65866309282762,208.0
1302603,2025-03-16,2025-03-22,2025-03-23,2025-04-19,119.0,169.2998481682189,134.0
2611606,2025-03-16,2025-03-22,2025-03-23,2025-04-19,488.0,572.424015946629,362.0
3304557,2025-03-16,2025-03-22,2025-03-23,2025-04-19,1214.0,1258.1948781315627,1425.0
4314902,2025-03-16,2025-03-22,2025-03-23,2025-04-19,13314.0,4735.241221899384,3112.0
5103403,2025-03-16,2025-03-22,2025-03-23,2025-04-19,54.0,61.77989143430869,166.0
1302603,2025-03-23,2025-03-29,2025-03-30,2025-04-26,123.0,126.96291201542928,127.0
2611606,2025-03-23,2025-03-29,2025-03-30,2025-04-26,528.0,588.8327574561218,396.0
3304557,2025-03-23,2025-03-29,2025-03-30,2025-04-26,1036.0,1434.820001012968,1365.0
4314902,2025-03-23,2025-03-29,2025-03-30,2025-04-26,16213.0,6968.918877085604,4874.0
5103403,2025-03-23,2025-03-29,2025-03-30,2025-04-26,53.0,37.990303030923364,100.0
1302603,2025-03-30,2025-04-05,2025-04-06,2025-05-03,127.0,115.6953125726543,131.0
2611606,2025-03-30,2025-04-05,2025-04-06,2025-05-03,502.0,640.5642444035498,510.0
3304557,2025-03-30,2025-04-05,2025-04-06,2025-05-03,1025.0,1271.1397749368791,1422.0
4314902,2025-03-30,2025-04-05,2025-04-06,2025-05-03,17486.0,10544.397613648667,7854.0
5103403,2025-03-30,2025-04-05,2025-04-06,2025-05-03,52.0,61.32106107810433,83.0
1302603,2025-04-06,2025-04-12,2025-04-13,2025-05-10,151.0,126.55373434380897,130.0
2611606,2025-04-06,2025-04-12,2025-04-13,2025-05-10,510.0,527.3298326214601,508.0
3304557,2025-04-06,2025-04-12,2025-04-13,2025-05-10,1036.0,1280.6397558411672,1322.0
4314902,2025-04-06,2025-04-12,2025-04-13,2025-05-10,18546.0,11566.957250787364,11037.0
5103403,2025-04-06,2025-04-12,2025-04-13,2025-05-10,49.0,57.68636882640565,59.0
1302603,2025-04-13,2025-04-19,2025-04-20,2025-05-17,152.0,135.34138049972492,119.0
2611606,2025-04-13,2025-04-19,2025-04-20,2025-05-17,500.0,464.3535344741109,488.0
3304557,2025-04-13,2025-04-19,2025-04-20,2025-05-17,1120.0,1062.0201989833301,1214.0
4314902,2025-04-13,2025-04-19,2025-04-20,2025-05-17,20301.0,10103.837758838059,13314.0
5103403,2025-04-13,2025-04-19,2025-04-20,2025-05-17,51.0,40.26403073102181,54.0
1302603,2025-04-20,2025-04-26,2025-04-27,2025-05-24,147.0,141.3784259418108,123.0
2611606,2025-04-20,2025-04-26,2025-04-27,2025-05-24,452.0,652.4285744702526,528.0
3304557,2025-04-20,2025-04-26,2025-04-27,2025-05-24,1190.0,861.4437373745004,1036.0
4314902,2025-04-20,2025-04-26,2025-04-27,2025-05-24,20178.0,11333.357519103856,16213.0
5103403,2025-04-20,2025-04-26,2025-04-27,2025-05-24,55.0,37.557900039869544,53.0
1302603,2025-04-27,2025-05-03,2025-05-04,2025-05-31,140.0,129.9577525424483,127.0
2611606,2025-04-27,2025-05-03,2025-05-04,2025-05-31,422.0,485.0034397747624,502.0
3304557,2025-04-27,2025-05-03,2025-05-04,2025-05-31,1188.0,986.9333299027721,1025.0
4314902,2025-04-27,2025-05-03,2025-05-04,2025-05-31,18987.0,9849.159986226423,17486.0
5103403,2025-04-27,2025-05-03,2025-05-04,2025-05-31,44.0,62.61399245668779,52.0
1302603,2025-05-04,2025-05-10,2025-05-11,2025-06-07,96.0,212.89278304902857,151.0
2611606,2025-05-04,2025-05-10,2025-05-11,2025-06-07,421.0,521.7068832516846,510.0
3304557,2025-05-04,2025-05-10,2025-05-11,2025-06-07,1146.0,1050.3239763574402,1036.0
4314902,2025-05-04,2025-05-10,2025-05-11,2025-06-07,16326.0,8719.226406200996,18546.0
5103403,2025-05-04,2025-05-10,2025-05-11,2025-06-07,39.0,53.819459861102054,49.0
1302603,2025-05-11,2025-05-17,2025-05-18,2025-06-14,75.0,140.06112316336092,152.0
2611606,2025-05-11,2025-05-17,2025-05-18,2025-06-14,519.0,417.6429269059658,500.0
3304557,2025-05-11,2025-05-17,2025-05-18,2025-06-14,1030.0,1045.472982621101,1120.0
4314902,2025-05-11,2025-05-17,2025-05-18,2025-06-14,12291.0,8330.309234425706,20301.0
5103403,2025-05-11,2025-05-17,2025-05-18,2025-06-14,31.0,48.52656399521648,51.0
1302603,2025-05-18,2025-05-24,2025-05-25,2025-06-21,56.0,120.2660797312507,147.0
2611606,2025-05-18,2025-05-24,2025-05-25,2025-06-21,531.0,456.2914220245063,452.0
3304557,2025-05-18,2025-05-24,2025-05-25,2025-06-21,876.0,974.0237097186861,1190.0
4314902,2025-05-18,2025-05-24,2025-05-25,2025-06-21,8137.0,7451.495761805867,20178.0
5103403,2025-05-18,2025-05-24,2025-05-25,2025-06-21,25.0,49.41158150213737,55.0
1302603,2025-05-25,2025-05-31,2025-06-01,2025-06-28,42.0,102.43631653956533,140.0
2611606,2025-05-25,2025-05-31,2025-06-01,2025-06-28,562.0,361.83072978962423,422.0
3304557,2025-05-25,2025-05-31,2025-06-01,2025-06-28,747.0,869.9333863495075,1188.0
4314902,2025-05-25,2025-05-31,2025-06-01,2025-06-28,5084.0,5614.090008724509,18987.0
5103403,2025-05-25,2025-05-31,2025-06-01,2025-06-28,25.0,24.574492159800727,44.0
1302603,2025-06-01,2025-06-07,2025-06-08,2025-07-05,41.0,47.91796406319336,96.0
2611606,2025-06-01,2025-06-07,2025-06-08,2025-07-05,591.0,493.17425386375436,421.0
3304557,2025-06-01,2025-06-07,2025-06-08,2025-07-05,589.0,794.9254062403295,1146.0
4314902,2025-06-01,2025-06-07,2025-06-08,2025-07-05,2919.0,4225.964846568943,16326.0
5103403,2025-06-01,2025-06-07,2025-06-08,2025-07-05,24.0,28.686899761089595,39.0
1302603,2025-06-08,2025-06-14,2025-06-15,2025-07-12,50.0,47.85316048336064,75.0
2611606,2025-06-08,2025-06-14,2025-06-15,2025-07-12,607.0,774.0226038172684,519.0
3304557,2025-06-08,2025-06-14,2025-06-15,2025-07-12,477.0,618.1589111348272,1030.0
4314902,2025-06-08,2025-06-14,2025-06-15,2025-07-12,1762.0,2342.308310601168,12291.0
5103403,2025-06-08,2025-06-14,2025-06-15,2025-07-12,26.0,15.345500430512717,31.0
1302603,2025-06-15,2025-06-21,2025-06-22,2025-07-19,58.0,35.134318474541175,56.0
2611606,2025-06-15,2025-06-21,2025-06-22,2025-07-19,690.0,614.059759167895,531.0
3304557,2025-06-15,2025-06-21,2025-06-22,2025-07-19,474.0,409.169027821242,876.0
4314902,2025-06-15,2025-06-21,2025-06-22,2025-07-19,1289.0,1299.3049292823434,8137.0
5103403,2025-06-15,2025-06-21,2025-06-22,2025-07-19,25.0,22.317050825400194,25.0
1302603,2025-06-22,2025-06-28,2025-06-29,2025-07-26,61.0,35.779160778106,42.0
2611606,2025-06-22,2025-06-28,2025-06-29,2025-07-26,796.0,504.2749187989041,562.0
3304557,2025-06-22,2025-06-28,2025-06-29,2025-07-26,414.0,469.7141622828963,747.0
4314902,2025-06-22,2025-06-28,2025-06-29,2025-07-26,974.0,809.818500304628,5084.0
5103403,2025-06-22,2025-06-28,2025-06-29,2025-07-26,27.0,21.64156392931527,25.0
1302603,2025-06-29,2025-07-05,2025-07-06,2025-08-02,78.0,38.819313503377046,41.0
2611606,2025-06-29,2025-07-05,2025-07-06,2025-08-02,861.0,561.1158078119456,591.0
3304557,2025-06-29,2025-07-05,2025-07-06,2025-08-02,386.0,374.0044398256549,589.0
4314902,2025-06-29,2025-07-05,2025-07-06,2025-08-02,862.0,386.3178633605567,2919.0
5103403,2025-06-29,2025-07-05,2025-07-06,2025-08-02,24.0,24.08840250731896,24.0
1302603,2025-07-06,2025-07-12,2025-07-13,2025-08-09,79.0,78.60935111468858,50.0
2611606,2025-07-06,2025-07-12,2025-07-13,2025-08-09,934.0,684.3374502368835,607.0
3304557,2025-07-06,2025-07-12,2025-07-13,2025-08-09,363.0,287.34015559055024,477.0
4314902,2025-07-06,2025-07-12,2025-07-13,2025-08-09,767.0,255.77120817695385,1762.0
5103403,2025-07-06,2025-07-12,2025-07-13,2025-08-09,22.0,21.31889920940254,26.0
1302603,2025-07-13,2025-07-19,2025-07-20,2025-08-16,74.0,73.07177677480348,58.0
2611606,2025-07-13,2025-07-19,2025-07-20,2025-08-16,1065.0,808.7085239623707,690.0
3304557,2025-07-13,2025-07-19,2025-07-20,2025-08-16,304.0,387.9998554233935,474.0
4314902,2025-07-13,2025-07-19,2025-07-20,2025-08-16,536.0,327.34496794712294,1289.0
5103403,2025-07-13,2025-07-19,2025-07-20,2025-08-16,24.0,20.750395658754012,25.0
1302603,2025-07-20,2025-07-26,2025-07-27,2025-08-23,74.0,57.85974928729904,61.0
2611606,2025-07-20,2025-07-26,2025-07-27,2025-08-23,1167.0,790.1009484693093,796.0
3304557,2025-07-20,2025-07-26,2025-07-27,2025-08-23,296.0,294.90657691366437,414.0
4314902,2025-07-20,2025-07-26,2025-07-27,2025-08-23,525.0,208.38788393104136,974.0
5103403,2025-07-20,2025-07-26,2025-07-27,2025-08-23,26.0,26.96071235487356,27.0
1302603,2025-07-27,2025-08-02,2025-08-03,2025-08-30,63.0,104.47883084838311,78.0
2611606,2025-07-27,2025-08-02,2025-08-03,2025-08-30,1230.0,739.4396947168152,861.0
3304557,2025-07-27,2025-08-02,2025-08-03,2025-08-30,283.0,291.85881768206207,386.0
4314902,2025-07-27,2025-08-02,2025-08-03,2025-08-30,514.0,209.52371236476213,862.0
5103403,2025-07-27,2025-08-02,2025-08-03,2025-08-30,27.0,15.434544664021493,24.0
1302603,2025-08-03,2025-08-09,2025-08-10,2025-09-06,64.0,90.2882865612399,79.0
2611606,2025-08-03,2025-08-09,2025-08-10,2025-09-06,1206.0,870.9671763300962,934.0
3304557,2025-08-03,2025-08-09,2025-08-10,2025-09-06,289.0,222.70364324877383,363.0
4314902,2025-08-03,2025-08-09,2025-08-10,2025-09-06,528.0,188.0651838668776,767.0
5103403,2025-08-03,2025-08-09,2025-08-10,2025-09-06,24.0,14.077731826021385,22.0
1302603,2025-08-10,2025-08-16,2025-08-17,2025-09-13,77.0,53.53992616967136,74.0
2611606,2025-08-10,2025-08-16,2025-08-17,2025-09-13,1044.0,1056.9958445358218,1065.0
3304557,2025-08-10,2025-08-16,2025-08-17,2025-09-13,307.0,225.1509522064558,304.0
4314902,2025-08-10,2025-08-16,2025-08-17,2025-09-13,523.0,182.73228017607047,536.0
5103403,2025-08-10,2025-08-16,2025-08-17,2025-09-13,26.0,26.057947766444673,24.0
1302603,2025-08-17,2025-08-23,2025-08-24,2025-09-20,84.0,54.62743261364105,74.0
2611606,2025-08-17,2025-08-23,2025-08-24,2025-09-20,953.0,1086.0165256077923,1167.0
3304557,2025-08-17,2025-08-23,2025-08-24,2025-09-20,318.0,260.8501550265162,296.0
4314902,2025-08-17,2025-08-23,2025-08-24,2025-09-20,508.0,227.32832154859386,525.0
5103403,2025-08-17,2025-08-23,2025-08-24,2025-09-20,23.0,33.776824582099984,26.0
1302603,2025-08-24,2025-08-30,2025-08-31,2025-09-27,87.0,62.18646985835661,63.0
2611606,2025-08-24,2025-08-30,2025-08-31,2025-09-27,917.0,982.6807231296384,1230.0
3304557,2025-08-24,2025-08-30,2025-08-31,2025-09-27,304.0,249.34767099964353,283.0
4314902,2025-08-24,2025-08-30,2025-08-31,2025-09-27,503.0,258.9394776269626,514.0
5103403,2025-08-24,2025-08-30,2025-08-31,2025-09-27,23.0,19.921912154653157,27.0
1302603,2025-08-31,2025-09-06,2025-09-07,2025-10-04,77.0,92.05682897764788,64.0
2611606,2025-08-31,2025-09-06,2025-09-07,2025-10-04,848.0,914.8839336457592,1206.0
3304557,2025-08-31,2025-09-06,2025-09-07,2025-10-04,295.0,241.81631050321027,289.0
4314902,2025-08-31,2025-09-06,2025-09-07,2025-10-04,514.0,240.33884076947606,528.0
5103403,2025-08-31,2025-09-06,2025-09-07,2025-10-04,31.0,4.696122300704697,24.0
1302603,2025-09-07,2025-09-13,2025-09-14,2025-10-11,70.0,107.07077053844635,77.0
2611606,2025-09-07,2025-09-13,2025-09-14,2025-10-11,804.0,665.0077031219852,1044.0
3304557,2025-09-07,2025-09-13,2025-09-14,2025-10-11,272.0,299.2023201775761,307.0
4314902,2025-09-07,2025-09-13,2025-09-14,2025-10-11,563.0,229.90274561033993,523.0
5103403,2025-09-07,2025-09-13,2025-09-14,2025-10-11,32.0,32.47357260279476,26.0
1302603,2025-09-14,2025-09-20,2025-09-21,2025-10-18,68.0,87.94071544322685,84.0
2611606,2025-09-14,2025-09-20,2025-09-21,2025-10-18,805.0,677.37894152091,953.0
3304557,2025-09-14,2025-09-20,2025-09-21,2025-10-18,239.0,322.63968427537424,318.0
4314902,2025-09-14,2025-09-20,2025-09-21,2025-10-18,598.0,247.23807737771165,508.0
5103403,2025-09-14,2025-09-20,2025-09-21,2025-10-18,40.0,29.123791269569992,23.0
1302603,2025-09-21,2025-09-27,2025-09-28,2025-10-25,63.0,85.60661327557305,87.0
2611606,2025-09-21,2025-09-27,2025-09-28,2025-10-25,736.0,725.2331196948504,917.0
3304557,2025-09-21,2025-09-27,2025-09-28,2025-10-25,253.0,231.67234027825847,304.0
4314902,2025-09-21,2025-09-27,2025-09-28,2025-10-25,640.0,287.529821245314,503.0
5103403,2025-09-21,2025-09-27,2025-09-28,2025-10-25,47.0,23.37189336345505,23.0
1302603,2025-09-28,2025-10-04,2025-10-05,2025-11-01,65.0,60.73066552153167,77.0
2611606,2025-09-28,2025-10-04,2025-10-05,2025-11-01,686.0,640.730531435629,848.0
3304557,2025-09-28,2025-10-04,2025-10-05,2025-11-01,251.0,227.63843870782281,295.0
4314902,2025-09-28,2025-10-04,2025-10-05,2025-11-01,730.0,330.4745659430943,514.0
5103403,2025-09-28,2025-10-04,2025-10-05,2025-11-01,50.0,36.458897850540055,31.0
1302603,2025-10-05,2025-10-11,2025-10-12,2025-11-08,62.0,76.00551986405029,70.0
2611606,2025-10-05,2025-10-11,2025-10-12,2025-11-08,664.0,516.5236008099378,804.0
3304557,2025-10-05,2025-10-11,2025-10-12,2025-11-08,236.0,235.76861525844296,272.0
4314902,2025-10-05,2025-10-11,2025-10-12,2025-11-08,837.0,412.58561543989305,563.0
5103403,2025-10-05,2025-10-11,2025-10-12,2025-11-08,50.0,48.285944511641276,32.0
1302603,2025-10-12,2025-10-18,2025-10-19,2025-11-15,68.0,79.22321475387064,68.0
2611606,2025-10-12,2025-10-18,2025-10-19,2025-11-15,551.0,704.6408780370601,805.0
3304557,2025-10-12,2025-10-18,2025-10-19,2025-11-15,229.0,220.23859768849047,239.0
4314902,2025-10-12,2025-10-18,2025-10-19,2025-11-15,932.0,443.2075666489769,598.0
5103403,2025-10-12,2025-10-18,2025-10-19,2025-11-15,44.0,68.55844907079639,40.0
1302603,2025-10-19,2025-10-25,2025-10-26,2025-11-22,78.0,66.1200466225827,63.0
2611606,2025-10-19,2025-10-25,2025-10-26,2025-11-22,477.0,672.3342729751856,736.0
3304557,2025-10-19,2025-10-25,2025-10-26,2025-11-22,213.0,279.2150620269021,253.0
4314902,2025-10-19,2025-10-25,2025-10-26,2025-11-22,1035.0,472.63856609512743,640.0
5103403,2025-10-19,2025-10-25,2025-10-26,2025-11-22,46.0,57.26562527957056,47.0
1302603,2025-10-26,2025-11-01,2025-11-02,2025-11-29,83.0,70.68210143119876,65.0
2611606,2025-10-26,2025-11-01,2025-11-02,2025-11-29,451.0,584.878809293164,686.0
3304557,2025-10-26,2025-11-01,2025-11-02,2025-11-29,198.0,234.63978549558598,251.0
4314902,2025-10-26,2025-11-01,2025-11-02,2025-11-29,1106.0,570.5171296324332,730.0
5103403,2025-10-26,2025-11-01,2025-11-02,2025-11-29,39.0,56.76065013101696,50.0
1302603,2025-11-02,2025-11-08,2025-11-09,2025-12-06,95.0,68.30765904862093,62.0
2611606,2025-11-02,2025-11-08,2025-11-09,2025-12-06,413.0,485.070833859146,664.0
3304557,2025-11-02,2025-11-08,2025-11-09,2025-12-06,199.0,201.21435676318322,236.0
4314902,2025-11-02,2025-11-08,2025-11-09,2025-12-06,1010.0,710.5298764923042,837.0
5103403,2025-11-02,2025-11-08,2025-11-09,2025-12-06,33.0,52.51607280439196,50.0
1302603,2025-11-09,2025-11-15,2025-11-16,2025-12-13,84.0,106.46090713192291,68.0
2611606,2025-11-09,2025-11-15,2025-11-16,2025-12-13,364.0,460.88609303356606,551.0
3304557,2025-11-09,2025-11-15,2025-11-16,2025-12-13,191.0,209.65473622771805,229.0
4314902,2025-11-09,2025-11-15,2025-11-16,2025-12-13,933.0,783.5267232415316,932.0
5103403,2025-11-09,2025-11-15,2025-11-16,2025-12-13,33.0,43.18770191760607,44.0
1302603,2025-11-16,2025-11-22,2025-11-23,2025-12-20,73.0,116.46720362167537,78.0
2611606,2025-11-16,2025-11-22,2025-11-23,2025-12-20,350.0,418.41536829790664,477.0
3304557,2025-11-16,2025-11-22,2025-11-23,2025-12-20,185.0,228.2018084736687,213.0
4314902,2025-11-16,2025-11-22,2025-11-23,2025-12-20,800.0,838.3390752015058,1035.0
5103403,2025-11-16,2025-11-22,2025-11-23,2025-12-20,27.0,59.66621347927878,46.0
1302603,2025-11-23,2025-11-29,2025-11-30,2025-12-27,66.0,98.06892861814961,83.0
2611606,2025-11-23,2025-11-29,2025-11-30,2025-12-27,269.0,460.5260333174157,451.0
3304557,2025-11-23,2025-11-29,2025-11-30,2025-12-27,172.0,183.25207687190726,198.0
4314902,2025-11-23,2025-11-29,2025-11-30,2025-12-27,660.0,1064.6733649314026,1106.0
5103403,2025-11-23,2025-11-29,2025-11-30,2025-12-27,28.0,25.930906631543643,39.0
1302603,2025-11-30,2025-12-06,2025-12-07,2026-01-03,63.0,131.83190152739311,95.0
2611606,2025-11-30,2025-12-06,2025-12-07,2026-01-03,241.0,329.3613106190373,413.0
3304557,2025-11-30,2025-12-06,2025-12-07,2026-01-03,162.0,202.45904401139666,199.0
4314902,2025-11-30,2025-12-06,2025-12-07,2026-01-03,881.0,680.9044752205333,1010.0
5103403,2025-11-30,2025-12-06,2025-12-07,2026-01-03,24.0,22.871520342678618,33.0
1302603,2025-12-07,2025-12-13,2025-12-14,2026-01-10,64.0,70.30528431321098,84.0
2611606,2025-12-07,2025-12-13,2025-12-14,2026-01-10,259.0,310.7288211822398,364.0
3304557,2025-12-07,2025-12-13,2025-12-14,2026-01-10,179.0,181.10004793465242,191.0
4314902,2025-12-07,2025-12-13,2025-12-14,2026-01-10,877.0,561.7533083848435,933.0
5103403,2025-12-07,2025-12-13,2025-12-14,2026-01-10,31.0,38.5552594843749,33.0
1302603,2025-12-14,2025-12-20,2025-12-21,2026-01-17,72.0,63.002035280741175,73.0
2611606,2025-12-14,2025-12-20,2025-12-21,2026-01-17,257.0,379.6019769579283,350.0
3304557,2025-12-14,2025-12-20,2025-12-21,2026-01-17,194.0,216.4527999679651,185.0
4314902,2025-12-14,2025-12-20,2025-12-21,2026-01-17,922.0,536.8151176917333,800.0
5103403,2025-12-14,2025-12-20,2025-12-21,2026-01-17,47.0,35.58113578086348,27.0
1302603,2025-12-21,2025-12-27,2025-12-28,2026-01-24,79.0,65.07615138335497,66.0
2611606,2025-12-21,2025-12-27,2025-12-28,2026-01-24,283.0,173.0084236652082,269.0
3304557,2025-12-21,2025-12-27,2025-12-28,2026-01-24,230.0,148.737770954506,172.0
4314902,2025-12-21,2025-12-27,2025-12-28,2026-01-24,956.0,526.5077099043318,660.0
5103403,2025-12-21,2025-12-27,2025-12-28,2026-01-24,49.0,29.92822587521648,28.0
1302603,2025-12-28,2026-01-03,2026-01-04,2026-01-31,72.0,103.44776945917076,63.0
2611606,2025-12-28,2026-01-03,2026-01-04,2026-01-31,320.0,215.175335415886,241.0
3304557,2025-12-28,2026-01-03,2026-01-04,2026-01-31,244.0,174.66358138840306,162.0
4314902,2025-12-28,2026-01-03,2026-01-04,2026-01-31,754.0,1381.336706763195,881.0
5103403,2025-12-28,2026-01-03,2026-01-04,2026-01-31,72.0,6.204832968292896,24.0
